customer_id,age,income,employment_status,credit_score,debt_to_income,country,customer_risk
C00000,24,60051.271151423396,self-employed,640.4542915643588,0.17193910995843023,IT,low
C00001,64,72996.30918511619,employed,720.1133738379078,0.09747171365517332,IE,low
C00002,57,29770.742278453403,student,703.9605015225367,0.0868898026159508,IT,medium
C00003,44,49374.81036328887,employed,608.261436913682,0.05264753953371452,ES,medium
C00004,44,83110.56650083844,student,651.1705562211629,0.20906213373631477,IE,low
C00005,69,36384.64719493615,employed,750.5869586130806,0.5563238152997507,FR,high
C00006,24,34732.749636903274,employed,697.256903360836,0.5642347017807495,NL,high
C00007,60,56248.43002845506,employed,550.4491112644072,0.2847762800712174,IE,low
C00008,30,69732.08900019171,employed,718.7606810160534,0.36461252731630833,FR,low
C00009,24,52239.94716677385,employed,576.0619289602284,0.17382286673091493,FR,medium
C00010,50,79908.17239917678,employed,780.8260717368025,0.4687669488895174,DE,low
C00011,76,69992.67363389707,employed,748.9761048669641,0.3210934271871534,FR,low
C00012,62,69678.2214046913,self-employed,688.7706090253089,0.43054819643341574,ES,low
C00013,63,63636.44652780596,employed,677.8930931617679,0.37915962068390646,IE,high
C00014,61,100880.71510726778,employed,647.8593550057516,0.2640650174813481,DE,low
C00015,65,47691.60453381307,self-employed,720.6389640148024,0.411627883548166,IT,medium
C00016,49,9926.03186660321,employed,634.596190104111,0.08334755060480997,IT,low
C00017,26,85689.34159185996,employed,684.3167293924713,0.2866436500540556,IE,low
C00018,68,,student,736.498618054595,0.42486259962681566,IT,medium
C00019,45,54265.489331203695,self-employed,618.9318634309017,0.27440976523139426,DE,low
C00020,48,79500.56438207107,employed,614.472195320763,0.3571710866200982,NL,low
C00021,40,18352.549637762568,self-employed,567.0620305805944,0.1615498647953621,IE,low
C00022,29,25715.408503771072,employed,577.7132348176539,0.45562983532559337,IE,medium
C00023,73,18373.16332050407,employed,515.0715844617969,0.14914698070251253,ES,low
C00024,65,35323.137909466095,self-employed,724.8459606992734,0.3929604010925569,IE,low
C00025,56,61232.368726356864,employed,813.3309924507872,0.23287672619921893,IT,low
C00026,42,63007.94469906819,self-employed,781.8769733645651,0.46229322166444675,DE,low
C00027,67,57801.75776589963,employed,531.6610719326256,0.02,IE,low
C00028,51,22331.916438260305,self-employed,724.4380830676084,0.5108303260223762,FR,low
C00029,45,9000.0,employed,781.6127206937316,0.2620329228955556,NL,low
C00030,45,53141.42529319803,employed,627.5415815794296,0.07576200867662317,FR,low
C00031,32,42092.70329359495,employed,673.318689313304,0.3300010000847689,IT,medium
C00032,24,61647.10120604884,employed,500.35276983401707,0.375757180871315,DE,medium
C00033,51,66741.02615064668,self-employed,686.8723657740846,0.121118232686957,ES,low
C00034,71,54903.07007323232,employed,577.7881021863532,0.22719151330786183,IE,low
C00035,22,67962.79479289294,employed,681.3700714687442,0.40250595286870655,IT,low
C00036,69,56813.43885641644,employed,536.9813603805118,0.03672614158317063,FR,high
C00037,67,63131.3588176308,employed,709.5143744071629,0.1529821914769705,IE,low
C00038,35,37201.86147973247,self-employed,749.0100393849885,0.20160268708020665,NL,low
C00039,56,48228.16030953937,employed,600.7792513393563,0.0969634687859192,IT,low
C00040,28,56132.298029796104,unemployed,571.7723483243444,0.6035800803131962,ES,low
C00041,63,69231.0979837658,employed,488.20611051090157,0.48073796172399147,DE,low
C00042,60,43731.435383283984,employed,643.1540902058355,0.43770270669901357,DE,low
C00043,39,62944.51237037437,employed,617.3092973889084,0.36984004034447915,FR,medium
C00044,23,46417.38536977704,employed,537.8164081874595,0.6740300063791862,IE,medium
C00045,76,49531.61448610926,student,702.1475380175981,0.17154297827702733,IE,medium
C00046,45,69419.89988250553,unemployed,628.1024286870987,0.4145722758043858,NL,medium
C00047,71,10145.732207862726,student,576.789651391091,0.3004654247999559,IE,low
C00048,58,24774.08111043002,employed,619.5250627374834,0.298922410307983,DE,high
C00049,64,20874.106653700765,employed,752.8469721922285,0.39539393463797756,IE,medium
C00050,63,9000.0,employed,714.4408293879283,0.12437890745517571,FR,medium
C00051,30,37756.44675674129,employed,654.3378629571239,0.12895104578498315,DE,medium
C00052,40,67738.11189428254,self-employed,715.7666115141179,0.09295330430804546,IT,low
C00053,46,46017.43460596593,employed,569.8052195762874,0.25950220828416,NL,low
C00054,48,56153.591720778895,employed,667.6543482596165,0.1443123038780852,FR,low
C00055,21,74873.56743092665,self-employed,677.0804310998906,0.36115016416233436,IT,low
C00056,51,79881.40877762152,self-employed,626.4734063031044,0.134956420576139,FR,low
C00057,28,50548.10337075107,employed,700.7075835485083,0.3119097051564067,IT,low
C00058,62,80425.30368095734,employed,601.004456719155,0.5338209759792494,FR,low
C00059,59,53934.659827116295,employed,706.8052980376417,0.23181133069496562,DE,high
C00060,73,34414.6372996233,employed,710.2524192655659,0.1951538384971474,FR,medium
C00061,62,39517.59260382656,employed,425.7928897828406,0.5019728314838735,ES,low
C00062,40,20908.73323613466,employed,762.6050676878297,0.1263403864516231,FR,low
C00063,76,33349.1890715933,self-employed,415.0941296410742,0.4497344045231476,DE,low
C00064,43,44481.64955043699,self-employed,614.4839799043978,0.4822299738439433,IT,high
C00065,38,68875.28540695063,employed,749.0785388091359,0.1145787527826176,NL,medium
C00066,72,88136.16645448566,employed,638.9824885292999,0.790367657812932,NL,medium
C00067,40,22974.18817708216,employed,544.7727494374975,0.4284465220634678,FR,low
C00068,23,60249.3768334583,employed,575.313560939233,0.3635638014990088,DE,low
C00069,46,30148.577277691777,employed,749.2062711982908,0.037718178058490946,DE,medium
C00070,65,61968.638857727245,employed,507.43662849501163,0.24805335482041527,IT,high
C00071,30,49247.18033555774,self-employed,757.5772702788854,0.403001305193372,DE,low
C00072,46,13550.97765720186,employed,660.4816278785323,0.31995562122865123,FR,low
C00073,26,71494.23682293817,employed,567.2235829037204,0.40250994001786367,IE,low
C00074,59,39294.98503101665,employed,617.1845640711794,0.10583407992427367,NL,low
C00075,47,40788.094994155355,student,581.5876040296654,0.5639794863778319,IT,high
C00076,38,29535.19936291651,employed,736.0304664703993,0.187559539509055,NL,medium
C00077,32,38260.05118956133,employed,725.0590804005527,0.22527110398687086,IE,low
C00078,52,60985.69925459326,student,524.0287870221641,0.7999046770357401,IT,low
C00079,58,48025.86884033548,employed,631.9054462814146,0.3648435862993185,NL,low
C00080,74,58901.902047932104,employed,594.2187756877693,0.3786463450230761,IT,low
C00081,44,59600.35893250572,unemployed,771.0678174136683,0.12740492865397193,NL,low
C00082,28,79733.89476609151,employed,554.2918723136335,0.33911081167764734,IE,medium
C00083,68,,employed,796.5467865841712,0.29614788685333626,NL,medium
C00084,56,20985.985846239633,employed,662.2698313596111,0.565289652682203,IE,low
C00085,60,74411.67074801165,employed,569.7213786768328,0.4873618608984812,ES,medium
C00086,24,45038.74838595765,self-employed,609.4635169112393,0.26255356241766775,ES,medium
C00087,37,75406.44133612492,employed,599.2672550569871,0.3621823998294373,NL,low
C00088,64,60050.91937683188,employed,560.4812910347285,0.47326889976660413,IT,medium
C00089,68,49246.111865729756,employed,672.7758024978908,0.32727228416560733,IT,medium
C00090,44,59324.2937749722,employed,564.3109248432688,0.09132247513815829,IT,medium
C00091,66,92971.26376265229,employed,486.2099708834685,0.1720087243144773,IT,low
C00092,68,95616.59111012882,employed,633.8665293904498,0.44737827528235274,DE,low
C00093,41,53457.003837788354,student,517.1657918937336,0.25160828457339696,IE,low
C00094,71,55364.00245965858,employed,603.3228088184633,0.20098075102876253,IE,low
C00095,36,74601.0433067941,employed,590.4535631345248,0.2705995179206942,FR,low
C00096,33,34241.11831188571,employed,593.5602820938832,0.05705841813638683,IE,medium
C00097,59,58994.477824983354,employed,829.0789743303926,0.3593215655689031,ES,low
C00098,56,51456.880192969016,employed,669.6257485079047,0.28668344303314297,FR,low
C00099,27,58592.07244060862,employed,685.1204227376172,0.07182844805319105,FR,high
C00100,68,34499.25507506248,employed,519.3353396999319,0.17187070315886058,NL,low
C00101,30,18619.082640511653,student,611.3750230417724,0.09364789973913802,DE,low
C00102,66,,unemployed,682.654815655204,0.34892708644847314,IT,low
C00103,19,28534.933627218237,employed,580.9886291411335,0.20670380542322,IT,low
C00104,66,42367.81901627401,employed,739.4611531684748,0.12810842589118154,IT,low
C00105,65,45842.976680376,employed,566.3788799561155,0.5774612646781391,ES,medium
C00106,65,92681.85441101986,employed,641.5179768590556,0.4220767001465327,NL,low
C00107,58,75225.86076805326,employed,616.9437655220042,0.2566777561432139,IT,low
C00108,46,31796.086556825827,student,678.4742940693171,0.27509558553035895,IE,low
C00109,60,59301.877501470095,self-employed,612.4798141078551,0.2585499271672237,DE,medium
C00110,35,43451.357036643174,self-employed,642.7867225801831,0.29476320808847317,NL,low
C00111,65,46028.359401158,employed,645.6373324742052,0.17704702665471705,IE,medium
C00112,51,55891.83863772302,unemployed,604.7802038939133,0.5888126220345082,IE,low
C00113,46,65002.59345648326,employed,704.7776972167633,0.37645042454742683,IE,medium
C00114,48,44875.57183843568,employed,684.5478467366688,0.22326578493262547,FR,low
C00115,52,74340.88218742152,employed,657.7336564892403,0.28022337544126824,NL,low
C00116,21,28019.297251009517,unemployed,629.7024166561195,0.23124579401079476,DE,low
C00117,27,52133.120309607635,employed,730.3166105026397,0.13933944345069912,IE,medium
C00118,33,106551.14825851248,self-employed,645.6615920072371,0.4832386687361215,ES,low
C00119,25,56684.674595130775,employed,639.8508223982732,0.04089922379073914,FR,low
C00120,44,82097.50463872963,unemployed,673.5845824508264,0.14879006656685675,DE,low
C00121,58,53921.92374163737,employed,804.1201080036097,0.4845757307452197,IT,low
C00122,57,64196.31900192573,employed,555.0907909422613,0.48931643604299574,IT,low
C00123,46,50807.55291775348,unemployed,728.1282652305391,0.24852813652086164,IE,low
C00124,69,48421.44079555171,employed,509.75996477847536,0.14067202154601013,IE,low
C00125,52,35630.86966876619,employed,682.8163989747471,0.13270408256749827,IT,low
C00126,23,61036.32853810862,employed,794.1567918639159,0.2613315049352302,IT,low
C00127,64,34117.71902709887,employed,705.0708190063192,0.09946638426667688,IT,low
C00128,52,65977.28996258201,employed,678.991256440263,0.31019566365240187,IE,low
C00129,56,74791.0270933641,employed,619.0431435581478,0.37670019560648715,NL,low
C00130,52,59697.15955198183,employed,667.5458704400614,0.24698463198356171,IT,high
C00131,51,45988.77659533047,student,644.3308491369248,0.3094134446491353,IT,low
C00132,24,61533.27716548262,employed,600.5499181496289,0.394778903457551,DE,medium
C00133,51,,employed,641.2301995310606,0.2759567026288287,IT,low
C00134,65,71646.48963476814,employed,681.267255171368,0.2525199466662212,NL,low
C00135,36,13540.472231482403,employed,602.0882003804875,0.6386866754322404,DE,low
C00136,54,44952.24526950843,employed,598.884890703856,0.33327204099352703,FR,low
C00137,20,10192.948102396047,unemployed,553.4600381174417,0.40243170599774936,DE,medium
C00138,39,20603.722565228694,unemployed,697.0394521392894,0.3226783765375374,IE,medium
C00139,44,80641.1068260921,employed,709.716507481299,0.2923657813247797,IT,low
C00140,76,70798.8846214054,employed,683.9961564273945,0.284977258180443,DE,medium
C00141,31,36890.915101019404,employed,744.1439804037506,0.383997227817429,ES,low
C00142,35,20447.427423141165,employed,672.2051462406197,0.08534373870195872,ES,low
C00143,43,9000.0,employed,697.144896863992,0.48610046439535437,ES,medium
C00144,77,40586.59433341467,employed,689.9146689022801,0.2591421183085978,ES,low
C00145,69,102828.71525719545,employed,657.493718407707,0.06462471775082065,IE,low
C00146,21,61132.569700736596,employed,621.4726100933689,0.12712493683704265,ES,high
C00147,32,40248.98199296072,employed,846.5605144949367,0.13362510614287476,ES,high
C00148,67,61766.684399506434,employed,627.9400196520123,0.07504281734470725,ES,medium
C00149,22,19219.874587116698,employed,610.3980276881242,0.273498684746421,NL,low
C00150,69,45756.209383349655,employed,700.5888055229087,0.3299840237511933,IE,medium
C00151,35,54089.02693333051,self-employed,685.6520620541904,0.19389829057477545,NL,low
C00152,73,50191.88631175798,employed,549.8070930959532,0.1932361218311886,IT,low
C00153,36,68606.9285554917,employed,757.0596168742265,0.10820919451283764,ES,low
C00154,44,59237.5497509571,employed,657.2760448212317,0.3447608954469057,IT,high
C00155,58,66034.84638026793,self-employed,573.9036501923109,0.5075272361916355,IT,high
C00156,26,37544.18207315405,employed,762.4802973770177,0.18742031460479924,IT,medium
C00157,51,70854.12357662151,self-employed,716.3053968708846,0.189808462817436,ES,low
C00158,48,86207.67590010382,unemployed,561.3075566602711,0.39641722031998977,ES,low
C00159,65,,employed,810.7289929011333,0.27949655094679554,ES,low
C00160,77,33358.391229994246,self-employed,719.0213842060278,0.16493814745493796,NL,medium
C00161,58,80051.47106272489,employed,664.1639185187462,0.2740769367234034,IT,low
C00162,43,,unemployed,795.3979420609859,0.08816509052467231,IE,low
C00163,42,,employed,678.0624182740305,0.1890883330075059,IT,medium
C00164,43,42706.750050264134,unemployed,662.6971878414694,0.19276169961631648,IT,low
C00165,67,82555.95710168494,employed,610.8553904861969,0.3235514266763,IT,medium
C00166,37,54761.2021529145,employed,712.7117360231805,0.4579013875989666,NL,low
C00167,28,57422.8052897766,employed,704.0814433205663,0.3437349337481095,DE,medium
C00168,38,84859.078455068,self-employed,666.2037714709563,0.2509891754603771,NL,low
C00169,20,44402.819973672405,employed,600.2211189828565,0.2966490672286178,IT,low
C00170,25,32236.435985575874,employed,675.6542480416181,0.15978534662788652,IT,low
C00171,24,42580.15163140456,self-employed,659.2764995675047,0.3566481746054932,ES,low
C00172,64,,student,555.6551058637955,0.5519228999326226,IT,medium
C00173,61,19119.059484209196,employed,544.3113871914168,0.2586994239765552,DE,low
C00174,60,65386.88895567355,employed,711.3425770624011,0.36545542624171207,ES,low
C00175,46,40685.80233002739,employed,451.6451581657615,0.15251450517263884,IT,medium
C00176,61,76104.06587540483,self-employed,681.8436632108234,0.3585433790706546,ES,low
C00177,28,9000.0,employed,625.7971892641864,0.4213453008293148,IT,medium
C00178,72,35482.11872281246,student,772.2762217641526,0.3489097871151295,NL,medium
C00179,48,16584.168824083856,employed,624.5356068493822,0.4737085664474526,ES,low
C00180,74,34649.181206356996,employed,719.0777055686555,0.4168384264557301,ES,medium
C00181,27,57200.98392328781,employed,632.4530650185011,0.35340937123075167,IT,low
C00182,48,48236.24086555515,employed,674.3273485858638,0.30056406906719996,FR,low
C00183,60,46679.071052091684,self-employed,725.4205955354442,0.2986564895430333,FR,low
C00184,48,48657.117701018724,employed,627.0704312613844,0.19057551735032546,NL,medium
C00185,45,56271.15305301881,employed,746.7175005288691,0.051401607127432455,FR,low
C00186,28,30820.743119194736,unemployed,583.5167740772683,0.40883698118746126,NL,low
C00187,41,66843.84245888007,unemployed,689.1566130897871,0.3929034641416789,NL,high
C00188,33,65915.98537809517,student,740.656457268604,0.4198926697833811,FR,low
C00189,36,60085.79669077812,employed,719.1230743268075,0.02,NL,high
C00190,59,63687.20229777653,employed,822.1484798923036,0.13310658340206885,ES,medium
C00191,56,58224.77801698185,student,602.3979759805259,0.2558094714956337,IT,high
C00192,54,94736.53935735242,employed,551.9097613894157,0.24505432201049832,FR,high
C00193,40,50171.02240789729,employed,583.4645211034002,0.3884176089044754,IE,high
C00194,75,45551.25241497389,self-employed,719.1562904569719,0.2157920416743617,NL,low
C00195,24,36175.92081249507,employed,705.8296806100891,0.12507263842491473,IT,medium
C00196,39,30322.483917865426,employed,673.385046091088,0.5444195215294341,DE,medium
C00197,25,25866.09246037742,unemployed,572.9175219732153,0.44252773402423123,FR,medium
C00198,38,33335.25642215071,employed,727.883118052983,0.17219231186671885,NL,low
C00199,75,50515.7119853065,employed,564.5742082326557,0.45937100856102264,NL,high
C00200,40,59020.197698452,employed,760.0338657549058,0.4048666827822021,NL,low
C00201,72,53073.9832295954,employed,850.0,0.05988645023256125,DE,low
C00202,48,35923.759173976025,employed,695.0489940188671,0.17969140008098683,NL,low
C00203,60,70903.87584441924,self-employed,712.814867123935,0.21830274328601587,IT,low
C00204,45,67527.6661183199,self-employed,624.5854989505641,0.40878116113242213,IT,medium
C00205,34,48647.38554413764,employed,516.5625076708811,0.2710675104533094,FR,low
C00206,64,38288.76096204105,employed,615.5770122315217,0.18928256791470582,NL,medium
C00207,76,63516.98633742579,student,575.3825902299026,0.1841092532701413,ES,medium
C00208,34,55947.44533720819,employed,546.3456247339687,0.3459180388391212,ES,low
C00209,64,21589.327552284,employed,806.2335152436433,0.19517111503381898,IT,medium
C00210,34,50572.414624327495,employed,687.3747264781134,0.5420145408079626,NL,low
C00211,61,57502.752053562,self-employed,696.1343816103466,0.4796204488775473,IT,medium
C00212,65,33106.40948375717,employed,639.6601660539076,0.34767557029701934,IE,high
C00213,45,55986.711249586304,self-employed,650.8245712396382,0.39597476575106955,FR,low
C00214,62,21448.727809586428,employed,744.0931559436253,0.3239845213697446,IT,medium
C00215,35,80059.90810025559,employed,662.3483562669924,0.4321435494603177,FR,low
C00216,23,78206.94968624806,employed,708.5169029180281,0.22684114458378654,NL,low
C00217,24,46697.13597963774,employed,648.9276475767088,0.6679419641692907,ES,medium
C00218,45,59632.54109462054,employed,636.9434629599722,0.5929366009722883,ES,low
C00219,72,9000.0,employed,549.6330384206473,0.022025932946209033,ES,medium
C00220,26,27716.69913442801,employed,502.82457688589545,0.13865163324738422,FR,low
C00221,45,45830.64267680528,employed,643.5519241125551,0.3243968794052527,DE,low
C00222,60,29485.206550035957,employed,669.6327287434451,0.4158878988507664,IE,medium
C00223,30,67002.32613524384,employed,559.5373369898791,0.13892197368767012,IE,low
C00224,61,93943.22714570788,unemployed,662.1730610671601,0.4419830931932919,IE,medium
C00225,37,27291.09089198466,employed,669.4077101652211,0.1857937785019678,ES,low
C00226,66,34413.268514210955,self-employed,488.2073435031309,0.30770083935604087,IE,medium
C00227,53,56944.41573450854,unemployed,589.9597779226809,0.29913737024249204,NL,low
C00228,51,85833.43911849204,employed,698.3956392863084,0.15672209940769039,DE,low
C00229,29,26330.139436662033,employed,696.738815810451,0.3316740994521803,FR,low
C00230,46,57229.75856844578,student,570.3986568552197,0.1865615442843001,FR,low
C00231,69,90247.27586707528,employed,677.9927401409783,0.12236918658912502,NL,high
C00232,20,17313.057888235388,employed,748.8373924795587,0.04255644691517247,IE,low
C00233,63,25097.546656237526,employed,728.7199826372537,0.4087455611736097,FR,low
C00234,48,43104.2612643224,employed,657.1865654648574,0.3213516303722322,ES,medium
C00235,61,41067.64333003637,employed,626.625942307408,0.3073931781125802,FR,low
C00236,58,69064.62704282654,unemployed,613.3937522845706,0.13327154414469736,ES,low
C00237,44,57074.8541162376,unemployed,703.3612221985919,0.21561535216316624,ES,low
C00238,37,14725.796747515305,employed,680.9985257977169,0.3285076569420016,DE,low
C00239,56,62823.61846091703,self-employed,716.6111285003805,0.19319622818060844,NL,medium
C00240,27,39871.68336553134,employed,675.8136526759345,0.5286181412504682,DE,medium
C00241,53,78763.39155576602,student,732.1386439284902,0.39419057890461817,IE,high
C00242,24,,employed,672.7565877025314,0.2734178502059776,IT,medium
C00243,57,,unemployed,729.3444747227983,0.3249136632125806,IE,low
C00244,56,63363.763826895156,self-employed,736.4074671700644,0.4503688852032836,IE,low
C00245,23,68021.45612907567,employed,599.0288163215653,0.5650070467655217,FR,medium
C00246,63,61410.08664266027,employed,516.7321881565988,0.5328650196849045,IT,high
C00247,43,,self-employed,791.5664141931934,0.11796278402875807,DE,medium
C00248,65,,employed,686.0460159184055,0.16073738339829943,IE,low
C00249,21,30279.530914837622,employed,524.4121565693181,0.11392186468047467,IT,medium
C00250,29,56940.798343353534,student,606.4668012280657,0.39576359652141446,IT,medium
C00251,48,,employed,728.293691974326,0.48620439757579864,IE,high
C00252,30,61372.765098404336,employed,642.0664998471028,0.19232025105752606,IE,medium
C00253,38,35061.42300954518,employed,623.0109636158315,0.21716822049479703,IE,low
C00254,57,25064.672344529044,employed,779.8723125456632,0.18682021964677148,DE,low
C00255,27,66990.22286613038,unemployed,579.1224539965275,0.12242684344720381,DE,low
C00256,58,57074.53495521178,employed,599.5514246641036,0.6613912006873195,IE,low
C00257,25,39106.48717074916,employed,682.3336909539579,0.2555908600907363,FR,high
C00258,29,82474.75582944235,employed,697.0173044284184,0.3870426780369193,NL,low
C00259,53,42746.29914703541,unemployed,705.7001288159399,0.6308742880218022,DE,low
C00260,65,52674.26115338963,employed,739.7215196546537,0.584726267706922,ES,low
C00261,29,57647.18240125062,student,681.2834468958844,0.09814051599664404,IT,medium
C00262,36,38987.01538329911,self-employed,705.1294829929495,0.2518324124225328,IE,low
C00263,73,61893.862161398516,self-employed,643.7448407361632,0.3385807981652866,ES,low
C00264,77,40797.500709540785,unemployed,670.1412608654106,0.5403107094913263,ES,medium
C00265,53,43355.59523345961,student,673.817802764398,0.29645325047943516,ES,low
C00266,45,80615.49543587017,unemployed,682.6380471371609,0.12090808297546869,NL,low
C00267,39,30147.692897238907,employed,728.3482642217864,0.24199147337785065,ES,low
C00268,55,9000.0,self-employed,710.5219459194761,0.022203406465401046,IE,low
C00269,53,85829.67689524978,employed,668.6257942378151,0.3494132697211128,FR,medium
C00270,36,,employed,598.6516692348347,0.3994786147910815,NL,medium
C00271,20,43489.34542556403,student,670.5490431611422,0.26774281724900045,ES,low
C00272,27,11326.40114697611,unemployed,662.702541638549,0.47517596349349095,ES,high
C00273,75,45479.83649988518,self-employed,680.8408895446822,0.13696379348367582,DE,medium
C00274,43,45989.318053345945,employed,845.9350751855129,0.3715522802156004,FR,low
C00275,47,48011.5993385326,employed,622.0506321596187,0.19850083313960581,ES,low
C00276,46,28618.851119641186,employed,699.6276995682795,0.18964420332674078,IT,low
C00277,65,,employed,752.6138895140325,0.17962612493754337,IT,medium
C00278,22,63014.65488100781,employed,673.0361569561494,0.3692770358417952,IE,low
C00279,23,20617.48198379456,employed,850.0,0.30562821925892525,IT,low
C00280,35,66683.13136559265,employed,634.0007780780189,0.2854891158648805,ES,medium
C00281,47,95106.38462086371,self-employed,691.5753162302439,0.4033355700161294,FR,medium
C00282,58,55611.166981178256,employed,599.4979289187755,0.24320545870700583,NL,medium
C00283,47,44916.17159656137,unemployed,636.1749717182499,0.24973355244802833,IT,medium
C00284,45,49017.93249744205,employed,685.412580652526,0.5478041115840482,NL,low
C00285,74,64920.39210633979,employed,734.3969331092338,0.12797237355924482,IT,medium
C00286,28,15655.896284348419,employed,691.1657763899331,0.15640559581240662,DE,low
C00287,52,55452.204762523346,employed,768.2474176454483,0.533417884593105,DE,low
C00288,50,43800.25706128099,unemployed,657.212844531401,0.43602901942422595,FR,high
C00289,46,90804.32527207695,employed,637.7621805532016,0.21432007368258096,FR,low
C00290,66,48342.37259009588,employed,850.0,0.18214425896211855,ES,low
C00291,34,87025.63983350992,unemployed,697.3274872542465,0.18923208274006365,ES,medium
C00292,75,28821.44534657785,unemployed,606.0025132297591,0.4551776876751988,ES,low
C00293,38,64332.44250285864,employed,608.0703714956584,0.2368174636665761,FR,low
C00294,51,58707.40553961581,employed,587.7002470084301,0.14747447048962048,ES,medium
C00295,49,33750.00779483957,employed,741.7986871802566,0.43014799034078893,DE,medium
C00296,69,55725.31840737575,employed,635.1210619827542,0.12057512496667287,NL,medium
C00297,44,77462.89557346361,employed,675.4437230038318,0.22784072401907926,DE,low
C00298,35,,employed,659.792288696062,0.48537640206495847,DE,low
C00299,20,16468.78436743497,student,724.9823774511566,0.333831023298625,DE,medium
C00300,40,51631.18064397364,employed,595.5669843835103,0.6728046794103926,DE,low
C00301,67,33049.115009357236,employed,576.8030725362728,0.2547497982873702,NL,low
C00302,19,44810.84028805847,employed,683.3923791888907,0.242591448335697,ES,low
C00303,71,50286.65683661246,self-employed,714.2786613453916,0.2105110417883901,ES,low
C00304,51,16181.303463674136,employed,692.2676496740065,0.3944943875437189,NL,low
C00305,27,18071.17487426576,student,598.6247942140192,0.28727149186450646,FR,medium
C00306,36,62123.40354603603,unemployed,720.5537570514942,0.3691680816367801,DE,high
C00307,51,41022.907380436714,employed,604.003403978158,0.14612509630022308,IT,low
C00308,37,9000.0,employed,622.2338311275166,0.4147052755220013,IE,medium
C00309,25,68481.72476877083,employed,587.5958109727958,0.36352820582840883,FR,low
C00310,58,57719.76486075904,employed,771.6949845894666,0.302123819962117,FR,low
C00311,58,37008.62869523384,unemployed,716.9405663642426,0.18939702266962868,FR,medium
C00312,26,24346.56556777693,employed,714.6094568056676,0.5219748225823938,FR,low
C00313,35,69551.96582260108,self-employed,767.2713365336809,0.40779988350679863,FR,high
C00314,33,59336.363073769026,employed,850.0,0.3254209849611868,NL,low
C00315,57,102034.64793636554,employed,524.8434594793673,0.09505504313038556,IT,low
C00316,62,60823.96057322368,employed,604.4531203680772,0.3114975906125855,IT,low
C00317,61,60141.76596650231,employed,614.4736430976891,0.318060562569439,IE,low
C00318,74,48494.513467720135,self-employed,595.2327909646192,0.18617064576911557,NL,medium
C00319,64,69152.2932112166,employed,576.6381736964955,0.20159154135682894,NL,medium
C00320,37,65126.78922621123,employed,640.42844874746,0.44305597166438415,NL,low
C00321,25,78286.2251798691,self-employed,565.2384953462688,0.27025489677028086,DE,low
C00322,55,41052.218708617016,employed,692.4734741380679,0.1412710028715777,NL,medium
C00323,73,42856.44306817679,unemployed,669.2392623571463,0.25593044246618113,FR,medium
C00324,76,41938.83341084842,employed,704.4443505106198,0.10564374819586093,NL,low
C00325,32,68606.83614475877,employed,706.6337330343367,0.23888157341202568,DE,low
C00326,32,83465.86324623137,employed,714.4465619809874,0.7461843061226733,IT,low
C00327,21,42364.34964386468,employed,634.3804671804417,0.29068792873935745,IE,low
C00328,27,43079.75171634508,employed,838.9337590159607,0.3582435351963659,IE,low
C00329,51,58595.62170126579,employed,684.223351551532,0.28334736280450373,DE,low
C00330,51,46839.00849972907,unemployed,512.2762502847668,0.12212972952254897,DE,low
C00331,40,71993.12671593769,employed,582.8051888471701,0.2780987545634478,IE,low
C00332,37,9000.0,employed,522.2787548997192,0.2561616103028564,IE,low
C00333,67,34639.19401474521,employed,666.4214395904072,0.5187758509974023,ES,high
C00334,46,35569.25698680963,employed,655.0119716276266,0.20065585275052567,FR,medium
C00335,66,9000.0,employed,626.5890927722445,0.4657942047444351,ES,low
C00336,75,31763.592668255114,employed,829.8959412168422,0.1698052000491759,ES,low
C00337,37,32781.72156723555,employed,710.0165956743067,0.34797159433949926,IE,low
C00338,30,47776.802255104565,employed,724.5400656385995,0.11205596979311792,ES,medium
C00339,75,75372.28372486553,unemployed,588.6519739887475,0.36888163579295136,DE,low
C00340,56,,employed,583.070118910857,0.17077608103475414,IT,low
C00341,36,30352.91187430577,student,668.0180509259503,0.06841376483109815,IT,high
C00342,55,50803.95463451589,employed,679.1865854514825,0.15418083037468241,FR,medium
C00343,49,74032.64605026833,employed,512.7824514966145,0.34417855619966337,DE,medium
C00344,72,31504.864861586997,self-employed,650.2148241263382,0.28790445771283274,DE,low
C00345,34,32877.92743764958,employed,666.1539107956274,0.0754908230990299,IE,low
C00346,77,63729.52814475869,self-employed,647.3577684067674,0.33943835770349834,NL,medium
C00347,74,47347.74156965319,employed,598.3019861875725,0.26535826452810674,ES,low
C00348,29,65597.17850489895,employed,620.7581150824665,0.15983923570959355,IE,medium
C00349,28,51713.41737229877,student,650.4975461270308,0.1976224696578482,DE,medium
C00350,50,66734.93660988091,employed,672.4456019360239,0.2980716683030955,FR,low
C00351,21,30263.359605146543,employed,714.5929097691466,0.2593842197909994,IT,low
C00352,36,51746.222333446385,self-employed,753.6302088059714,0.18191069182252245,ES,low
C00353,44,47575.50969837371,self-employed,640.8634866707655,0.2054841495408326,DE,low
C00354,76,26466.290593813257,unemployed,627.5951919185406,0.13836520808680774,IT,medium
C00355,77,19166.963094757542,employed,700.8877652298131,0.18785187487198685,DE,medium
C00356,27,66400.7297407679,employed,715.08928314569,0.08559101635720004,IT,low
C00357,71,44629.99997342246,self-employed,629.3955644727714,0.0775912271214747,IT,medium
C00358,24,30532.11408540608,employed,729.8122651112261,0.16414380901496206,IT,low
C00359,63,49980.24232461002,self-employed,745.3259979747897,0.3622881528668329,NL,medium
C00360,68,75688.39600433536,employed,770.9182901840112,0.2575058581493703,FR,low
C00361,71,9000.0,employed,810.8223143510254,0.3577977023022332,IE,medium
C00362,32,20570.587512030146,self-employed,593.9538766299261,0.27290261945069894,ES,medium
C00363,71,32619.38472019938,employed,666.1396531652659,0.3297753598536092,ES,low
C00364,25,82684.7562011269,employed,665.9247711227301,0.16381039851672205,DE,low
C00365,49,57934.326641305226,employed,656.9579673803344,0.1590971740559935,ES,medium
C00366,46,68113.66204968576,self-employed,611.7604405919689,0.24792760499450683,ES,low
C00367,37,28056.620698349157,student,543.1839157350521,0.35472585666448675,FR,medium
C00368,20,28489.74661931895,employed,672.5997145743784,0.14294270803011364,IT,high
C00369,64,61404.08805117692,employed,601.9948359170712,0.19976692916034025,DE,medium
C00370,38,53223.76094964438,unemployed,672.0514654213052,0.18312503911774555,IT,low
C00371,58,63523.51519614666,employed,599.888429580694,0.6704811785211917,IE,medium
C00372,43,48058.909190502505,employed,574.828015640764,0.29649911996438905,ES,high
C00373,41,57841.01825554717,employed,684.2124655509056,0.27937482607999203,DE,low
C00374,71,55320.500783007294,employed,677.3755651981327,0.18231005297799044,ES,low
C00375,24,68333.11517078344,student,712.5011216483165,0.02,ES,low
C00376,62,68947.17392083388,self-employed,844.2408288462452,0.42229158168343406,ES,medium
C00377,63,17982.688117772836,self-employed,687.7377415592895,0.10294102392550704,FR,low
C00378,41,9000.0,employed,704.7767048992587,0.21579712526079092,ES,low
C00379,34,73036.65335068165,employed,576.6399710328793,0.09972759921279084,FR,low
C00380,19,76942.22695850067,employed,559.4735898760173,0.44092414466179003,ES,medium
C00381,74,30566.916590219913,employed,794.7920146354134,0.38079161972059666,ES,low
C00382,74,12943.456462541799,employed,589.2746580454691,0.0757012851655391,ES,medium
C00383,33,54079.73124115122,employed,579.3965861395714,0.13922644718992316,IT,medium
C00384,20,71547.60275336112,employed,661.7938884602427,0.26917608589373265,IE,high
C00385,26,89749.4849711206,employed,657.6042221030541,0.025048387513406392,IT,medium
C00386,22,62842.24901413047,self-employed,590.9944664716501,0.034876617041353974,IT,low
C00387,68,44193.94937170041,employed,639.9921960655258,0.18895555975123868,IE,medium
C00388,71,33244.256946717884,employed,765.8088088473086,0.4145776311834658,FR,low
C00389,28,52240.477125083744,self-employed,598.9085240757926,0.17559324928703646,FR,high
C00390,63,45715.441218409615,self-employed,550.7188562819739,0.42840310762927175,ES,low
C00391,29,30683.573979694862,self-employed,742.292676913783,0.2850071706558832,NL,medium
C00392,40,95023.86866812903,employed,705.368346778919,0.19878955966261178,IT,medium
C00393,54,89488.53644351475,self-employed,614.1174731068097,0.4034634758422071,DE,low
C00394,61,75857.02235466399,employed,535.2623046775927,0.13379212906762764,DE,medium
C00395,70,32662.14164600832,employed,603.9408847720379,0.36220139823622566,IT,low
C00396,21,69955.40581024285,employed,660.5142361783597,0.47885573695677963,IT,low
C00397,30,65432.15459945594,employed,760.5851113704732,0.1863335686643873,FR,low
C00398,35,61293.458108285115,employed,580.0002780606882,0.06048861263941825,FR,low
C00399,37,78242.97060791933,employed,658.0693697160592,0.02,ES,medium
C00400,77,65342.794000086826,self-employed,720.3618621113817,0.16923753960404694,NL,high
C00401,64,67540.29896239104,employed,469.7360781100025,0.19515478221982324,FR,low
C00402,37,65375.03195081641,employed,749.7704657709897,0.24265414995121964,ES,low
C00403,76,59156.619568044225,employed,568.0390530790721,0.2867331952501676,IT,medium
C00404,48,14544.16627600215,employed,692.2236304634687,0.23258492702166206,IT,medium
C00405,48,53756.0426256217,employed,685.228018268081,0.1470923899054635,IT,low
C00406,44,40319.968864168375,employed,753.9360841000353,0.11413683037812457,ES,high
C00407,27,25123.33988955957,employed,710.1757992332703,0.0869294727455902,IE,low
C00408,74,87318.1490053173,self-employed,470.06217967814155,0.3041786521571544,FR,medium
C00409,19,88308.90215859978,unemployed,600.6481017332087,0.39338010452013794,DE,low
C00410,29,80543.63260620786,employed,676.332820606969,0.1163212310458465,DE,medium
C00411,32,57359.48175397336,employed,649.0116493381774,0.3642962308771805,IE,low
C00412,35,80363.1275400058,student,704.1640798400551,0.19265169927085982,ES,low
C00413,26,52253.116792638335,unemployed,729.7280575649158,0.31807289860637666,FR,medium
C00414,20,56258.742814853365,employed,714.8930423872337,0.45543146407588,IE,low
C00415,58,29037.10122029836,student,647.4294547105338,0.25615778004207596,FR,low
C00416,76,60336.81739447564,student,513.6003650881206,0.1026426448766528,ES,medium
C00417,26,53268.10449691276,self-employed,627.650537593905,0.08796021187340113,FR,medium
C00418,36,24644.305546476247,employed,699.1421881473943,0.2574134429645131,DE,low
C00419,48,50924.860651851464,employed,575.5833252908608,0.13111073421375877,FR,low
C00420,73,50325.67915900702,employed,716.7645278699692,0.43190103967357774,FR,high
C00421,59,,employed,739.4882503759189,0.17571475429600217,ES,low
C00422,64,70778.4798987816,employed,675.4030920562591,0.27987500943738897,DE,low
C00423,53,52240.35422092079,employed,413.77005096238355,0.3022363196854368,FR,low
C00424,43,57224.53350582274,employed,560.1967542576322,0.5617288048386762,ES,low
C00425,30,52928.45994018816,employed,819.6675110015988,0.16554372379971094,NL,high
C00426,69,47738.8063192935,self-employed,620.183900971673,0.2743296959247662,ES,low
C00427,66,29269.028854845976,employed,502.3002557034223,0.31067154783651013,ES,low
C00428,20,48827.910570254484,employed,766.2902858414424,0.21404157551413053,IE,low
C00429,61,36331.93661029722,self-employed,666.0951585065811,0.18482410301626048,IE,low
C00430,23,25743.373682613925,student,755.6051200945335,0.12262974441547121,FR,low
C00431,62,62735.65810549823,unemployed,687.710611367988,0.36303726996707664,IT,high
C00432,67,60216.55785859794,student,702.6018491693978,0.37753301475403755,ES,medium
C00433,26,14479.14226127036,student,694.7667583125904,0.33724384051356376,ES,low
C00434,44,49423.622612602325,employed,722.1940415775221,0.52824616582255,IT,low
C00435,26,72909.7291038984,employed,850.0,0.3079822946515624,DE,low
C00436,52,74243.69851682274,employed,744.6225195486534,0.12414351160268877,NL,low
C00437,73,73542.57370059002,employed,535.4121759366661,0.23015350565311776,IT,medium
C00438,23,52817.17734493066,unemployed,701.62624425287,0.09389052551543672,IE,low
C00439,42,34254.048112647826,employed,758.6014229844639,0.1785207494752848,DE,medium
C00440,76,29242.324625480727,employed,763.6214661359639,0.47448590872418334,NL,high
C00441,36,59236.70299975751,employed,630.0183913891539,0.3473251940946938,FR,low
C00442,26,59964.88072166842,employed,760.5254445054264,0.12668631492718235,FR,high
C00443,47,79033.95334370638,employed,741.0748767631989,0.5893797475930117,DE,low
C00444,48,,employed,850.0,0.10298278617735913,ES,low
C00445,58,49223.19821284538,unemployed,603.4998576276221,0.2715951364509071,IT,medium
C00446,37,25871.67654392174,employed,623.3931527351651,0.40448936820992565,ES,low
C00447,75,45298.761462771145,self-employed,639.8982380262838,0.4140728232933052,NL,low
C00448,49,56561.85509102102,self-employed,624.8017836968204,0.11141045783189799,IT,medium
C00449,35,47756.25184682252,employed,592.0182985193845,0.13335609144234878,ES,low
C00450,75,39864.22373036922,employed,438.4606085347531,0.1762779424896809,IE,medium
C00451,73,57310.58111436787,self-employed,629.354643154703,0.19485871197765628,NL,low
C00452,48,41416.88743037718,employed,695.2873608953921,0.3976145361270953,FR,medium
C00453,20,38810.61224176714,student,624.5558086685153,0.16061623648144266,NL,low
C00454,54,58540.50952037223,employed,823.701257049387,0.2257902060586528,ES,low
C00455,51,43558.1558172867,self-employed,666.0968166427008,0.1367534596470465,NL,low
C00456,27,57126.19216854539,self-employed,770.8643825250991,0.3098556689231694,IT,medium
C00457,56,57737.28447989457,employed,686.4364738438574,0.21683665324315435,DE,low
C00458,68,28071.990977076934,employed,732.7653994112471,0.2240837993864897,ES,medium
C00459,25,41893.93639882634,unemployed,687.8978074225521,0.5044970957580462,NL,low
C00460,61,82193.31573824571,employed,777.2403398160922,0.054741971850149625,FR,low
C00461,27,27596.33023257997,employed,669.5870267108569,0.12267420293551737,ES,low
C00462,63,9000.0,employed,705.6818980632804,0.2902441799137601,IT,low
C00463,43,12901.25178190726,employed,695.0393005593036,0.15795347551599337,ES,high
C00464,19,52611.30887811005,self-employed,641.3605924335599,0.21139821362749353,DE,low
C00465,76,52649.26283868668,self-employed,698.2085501518235,0.31861174524580754,DE,medium
C00466,28,49530.17203607246,employed,848.2196721882099,0.38059504017913837,NL,low
C00467,54,77497.98640749854,self-employed,642.8274507481738,0.2074753247977136,IT,low
C00468,29,9000.0,employed,699.3961212139664,0.34645487241221146,FR,medium
C00469,74,60314.6113630473,employed,768.1378739712943,0.16783267265972754,FR,high
C00470,62,84790.20223787504,employed,758.5007690374309,0.24099360721481694,IE,medium
C00471,66,28316.603937274005,unemployed,665.960746252988,0.26491143684611607,DE,low
C00472,44,44024.063252412205,employed,469.56212635749637,0.304886231558864,DE,medium
C00473,46,36189.26973819896,employed,707.3696311291742,0.2401638015533755,DE,medium
C00474,56,33218.73303237189,employed,483.00311079290964,0.042872781189992444,IE,low
C00475,65,45148.49789451616,self-employed,785.534852937181,0.34704629145445504,NL,medium
C00476,68,81977.1909573746,employed,678.8968574378474,0.6213720272764481,DE,low
C00477,20,90585.12018523793,employed,746.9732696295031,0.3748589144722276,FR,medium
C00478,58,44945.276274156895,self-employed,591.0268866691538,0.1149217731680973,IE,high
C00479,25,92006.26449535387,employed,537.6943871893956,0.4448627377860517,IT,high
C00480,35,52747.10601667712,employed,686.3818594995757,0.35093602305439703,FR,medium
C00481,67,88827.51156072269,employed,662.2445179235964,0.4099206742474643,FR,medium
C00482,33,50040.728357276676,employed,624.6936522551124,0.18815803492525826,DE,medium
C00483,66,54752.21434696903,employed,671.9422250200867,0.49195386768757504,IT,low
C00484,46,59674.96392549953,student,850.0,0.2925685830040556,DE,low
C00485,32,118755.92726671824,employed,733.4310948842627,0.3418337267572866,FR,low
C00486,38,69876.99707174057,self-employed,751.0588856807922,0.13517761473478684,NL,low
C00487,50,37147.44487101927,unemployed,734.2028251073751,0.21208934077549263,ES,high
C00488,64,72348.95527579302,employed,786.3158957958798,0.4961227992191065,ES,medium
C00489,54,44401.51672122883,employed,649.4141228221389,0.4839237894687616,IT,low
C00490,74,41715.24615907461,unemployed,496.50957277062594,0.32109295758624345,FR,low
C00491,70,71080.62855773434,employed,649.5359370935072,0.2685878517373169,NL,medium
C00492,63,52652.79734319421,self-employed,731.5623282197132,0.02,NL,low
C00493,54,57850.094204747926,self-employed,585.476367600564,0.15030680040226976,DE,medium
C00494,36,52293.68965917114,employed,650.5379920598749,0.22664194968848456,IT,high
C00495,43,59068.24565871413,employed,608.2748810738103,0.17446155129813212,ES,low
C00496,26,60924.28384615913,employed,788.1663986511367,0.20454174537998218,NL,low
C00497,41,11323.694413186277,employed,726.4554752633383,0.1876962818006335,IE,low
C00498,73,65998.0260408002,employed,718.4263308928047,0.0687230987910806,FR,low
C00499,44,31377.592183563687,employed,715.9713076759197,0.5263025428924121,IE,low
C00500,25,21711.718153252365,self-employed,661.9455612907255,0.24572444530594767,IT,low
C00501,57,50773.36387896767,student,681.1996151672553,0.1782350863526159,FR,low
C00502,75,53763.60106960354,self-employed,567.81486439635,0.2274303751459099,IT,low
C00503,70,37436.370543982106,employed,485.71175774245347,0.19610220563262162,IT,low
C00504,35,69451.66901102746,employed,677.3066526882919,0.1046642702331502,NL,medium
C00505,45,23814.321506210956,employed,691.5672010143159,0.09686213923407382,NL,low
C00506,50,43454.18127577626,employed,764.1596946108809,0.10538159659345976,IE,medium
C00507,33,39717.64316640698,unemployed,793.8495369187542,0.1968727036261467,DE,low
C00508,34,51021.66732287387,employed,793.7398757699136,0.2551218173123014,DE,low
C00509,32,57856.14997759202,employed,583.162065349902,0.24905096559440196,ES,low
C00510,77,30834.248057905563,student,636.1142671341189,0.18789936286253417,IE,medium
C00511,63,67209.93622658079,employed,704.3874122622731,0.16299643305688508,ES,low
C00512,68,53323.0497350287,employed,850.0,0.1815420763745116,DE,low
C00513,67,12269.128680449881,employed,786.3681347045411,0.2058654652164722,ES,low
C00514,75,10869.57975166235,employed,756.7905672838672,0.16582636068458648,FR,high
C00515,25,51741.29484848447,self-employed,633.2013876449582,0.20871848211805974,IT,low
C00516,71,47359.68632648657,employed,592.5776302452798,0.3778788146077316,ES,low
C00517,22,49828.1776149327,student,729.6904464374256,0.2762064900778437,NL,medium
C00518,47,,student,574.7457763327825,0.32039033009360784,ES,low
C00519,54,56736.7566297138,student,645.4482192196152,0.16435940167427435,IT,low
C00520,40,71900.6418068143,employed,655.5882081818423,0.32243776304611055,IT,medium
C00521,27,28666.797080731278,employed,795.6187913080703,0.4305808084876598,NL,low
C00522,30,27388.59654908331,student,635.9148211573064,0.5751928235733367,ES,low
C00523,67,29040.198984364968,employed,464.9815296370455,0.28909615805877625,DE,low
C00524,37,58067.25001054285,employed,706.3644611083224,0.1641328477194856,NL,low
C00525,37,78143.89495157535,self-employed,607.680208045478,0.3176284235044993,NL,high
C00526,73,42941.87179697028,employed,668.4957440038952,0.27469898538177784,ES,medium
C00527,27,9000.0,self-employed,657.8902145309459,0.6203086550606471,IE,medium
C00528,73,16216.149885182116,unemployed,642.556272342943,0.3323747195095096,IE,low
C00529,73,34506.22882128376,self-employed,729.8079277063457,0.13252763715302218,NL,medium
C00530,54,40287.69336260049,employed,539.305079975078,0.5000030604627689,ES,medium
C00531,28,43423.83882765075,student,622.6048335537424,0.3659502863932976,DE,low
C00532,28,52810.20358259926,employed,721.0911088756253,0.02,NL,medium
C00533,35,45453.32705272861,self-employed,614.6450484217618,0.3354744475043703,IT,low
C00534,53,74036.13182141155,self-employed,533.0778498398623,0.33031381585235736,IT,medium
C00535,28,37803.63658069126,self-employed,719.8215381470524,0.6239655244230451,IE,low
C00536,45,33891.322851013596,employed,757.0937596962062,0.11762630559396736,NL,low
C00537,25,62056.386308929694,employed,661.3103929732735,0.2357146813164583,IE,medium
C00538,50,19751.516531551493,employed,504.21066092549836,0.1851920181699727,IE,medium
C00539,20,60183.52581172004,employed,722.8895192293029,0.0911321948874637,ES,low
C00540,60,54153.616858251604,employed,528.8891937235855,0.2023367863134167,DE,low
C00541,22,48903.70771171848,employed,690.3215407015496,0.40014393296211376,NL,medium
C00542,30,85353.79825013451,employed,592.2279663711429,0.26601422774319683,IT,low
C00543,29,38933.643648810925,self-employed,569.8931785671089,0.5658419308338393,ES,low
C00544,68,95266.26158100564,student,628.7633785994655,0.07474248397176596,IE,medium
C00545,22,47265.93956620991,employed,649.9696003729647,0.4604727031371853,IT,low
C00546,44,25182.65465562521,self-employed,612.1749234683112,0.5351737150051544,DE,low
C00547,53,53468.31120089133,self-employed,713.2736688136423,0.18242412540359873,IE,low
C00548,49,29398.850793305868,employed,628.4223109663757,0.5044997497281896,NL,high
C00549,59,36213.127195916495,employed,745.3756514770894,0.22164828246358637,IT,low
C00550,66,60337.699300325316,self-employed,688.0561995827653,0.34114922866156805,ES,medium
C00551,42,63667.22386165262,unemployed,607.8003090591027,0.44118761959827923,NL,high
C00552,67,38934.47829466058,self-employed,593.9929295257525,0.3286965931271807,DE,medium
C00553,37,72735.50804597442,student,529.90530347811,0.10276938562892318,DE,low
C00554,77,76307.66291844382,unemployed,688.8401205850795,0.18167874875788625,ES,low
C00555,48,82162.33688782911,employed,635.9238211253886,0.2488646472666811,ES,low
C00556,62,63117.68154964017,employed,470.4799666987918,0.4734367386299573,ES,medium
C00557,70,80632.00295379967,employed,621.0713804329092,0.12003896674403798,DE,high
C00558,65,12503.233012544784,unemployed,591.115209601094,0.43078717662242044,ES,medium
C00559,69,45323.962478802285,employed,794.2055625579942,0.619864113088108,DE,low
C00560,50,33792.88961720805,employed,525.3721538247486,0.24420702331869165,DE,low
C00561,21,54503.74308367523,student,546.8092344218076,0.025968972464722222,NL,medium
C00562,48,39999.56639686852,employed,756.0175107346674,0.4792134955956467,ES,low
C00563,29,48510.68531905562,self-employed,776.254578912045,0.19318313586728317,ES,medium
C00564,71,91525.67248428504,employed,603.9113990244974,0.18579326123377973,IE,low
C00565,32,48435.88427517206,unemployed,613.1689625296693,0.582507268366814,IE,medium
C00566,32,60689.63866099449,student,715.5313025173716,0.10544047447426046,NL,medium
C00567,33,47122.34407159106,employed,474.1778166504846,0.05547369835305559,IT,low
C00568,56,53589.979047093504,self-employed,512.3821178705443,0.21184161839750804,DE,low
C00569,52,52126.3502891575,employed,641.9798611302416,0.7058741662177267,IE,medium
C00570,74,61414.80538543635,employed,792.0910264225884,0.14907365900666325,NL,low
C00571,43,76471.45824649071,employed,629.2701327703273,0.3524407834932568,IT,low
C00572,35,86595.2739496699,self-employed,673.2768169222827,0.24016991163349485,IE,low
C00573,21,58502.0217200925,employed,757.9707203502489,0.31020906258383846,IT,low
C00574,19,64380.48460674765,employed,837.764548128808,0.19958397888303894,IE,medium
C00575,41,27831.845307103096,self-employed,617.6984252018384,0.1723657015398658,DE,low
C00576,73,50154.588409271964,employed,663.6193886538591,0.32744150697451474,FR,low
C00577,49,71746.07876255536,employed,814.408528150113,0.13908528425608901,ES,high
C00578,71,70185.34140676021,employed,540.1796594343028,0.44223166962767124,ES,low
C00579,24,56443.80438869605,employed,749.2616477854134,0.139479710288732,DE,low
C00580,24,70614.27315092701,student,581.4981263463768,0.6643063071318661,IT,medium
C00581,68,62306.1008888702,employed,673.4027341024589,0.34257076997908076,DE,medium
C00582,25,77206.43142344576,employed,645.1052381131775,0.4615830320234578,IE,medium
C00583,22,58076.54229609933,unemployed,586.4430487424992,0.3020311997960343,DE,medium
C00584,42,44530.335373008274,employed,584.3856419320215,0.22516986838495195,NL,low
C00585,73,59052.66639559349,self-employed,687.6659778688079,0.1926593001326281,IT,low
C00586,59,9000.0,employed,746.63422490934,0.333637735875275,ES,high
C00587,24,,student,654.3616313385428,0.24137345819715803,IT,medium
C00588,68,9000.0,self-employed,670.7492790161238,0.47317499385187806,IT,low
C00589,68,15807.268444486224,student,711.8362734358659,0.44287200746066013,IE,low
C00590,66,61487.14061976067,employed,585.3272606129373,0.42435112545662285,NL,low
C00591,72,62028.116082602704,employed,725.6547856898596,0.43287320720171396,IE,low
C00592,33,27588.99561706146,self-employed,732.1861339588993,0.3733840509559254,ES,high
C00593,76,37045.857120542285,employed,850.0,0.23438773679244304,IE,medium
C00594,37,80781.36076089677,employed,634.1594563741143,0.17246748364769762,IT,low
C00595,66,41835.367236973805,employed,627.4372922632135,0.19218159603195295,DE,low
C00596,53,99101.32656046268,unemployed,728.0552014690471,0.37250850295977445,ES,low
C00597,64,51959.68308329673,self-employed,732.1665418507953,0.12344336044592882,IE,low
C00598,56,60568.7597145066,employed,621.1228534231096,0.3774488270843848,DE,medium
C00599,56,85954.36236847076,self-employed,631.940660491736,0.09660470876942363,IE,low
C00600,55,54751.56944006181,employed,709.3727287338793,0.3665240577325251,DE,low
C00601,64,30950.776405493176,employed,597.1380922597577,0.29799693887281503,IE,medium
C00602,62,49695.72351441991,employed,631.3362129827688,0.15526296058339314,IT,high
C00603,26,51252.17454000809,employed,672.3466069242116,0.0976917507907248,DE,low
C00604,67,23340.425303767126,employed,746.6669721554251,0.5604293939798456,IT,low
C00605,50,46627.52650184271,student,615.4229134732776,0.306303160511311,DE,low
C00606,38,36413.96602605383,self-employed,513.9244741134848,0.14183456428298136,ES,low
C00607,49,,employed,507.83900766350666,0.5568573992606237,IE,low
C00608,76,52726.849357890365,employed,561.728128530097,0.4656505933940116,FR,medium
C00609,69,46061.289267901026,employed,557.3202471076052,0.39462650954639794,FR,low
C00610,68,49770.1794569259,unemployed,652.3219177931675,0.11682638158458862,NL,low
C00611,46,56685.56238652949,student,567.5118274049964,0.16689825270676334,NL,medium
C00612,65,64953.09819348538,unemployed,607.3740932946613,0.032572037986245736,DE,low
C00613,41,31006.043197942992,employed,601.5249574314719,0.1315274512166573,NL,medium
C00614,59,30126.65971495329,employed,628.8783554104646,0.23634566616117939,FR,medium
C00615,56,75198.26352345313,employed,773.445355184896,0.29656982684991645,DE,medium
C00616,33,43340.925683700654,employed,719.2797023333023,0.3913656417569122,FR,medium
C00617,34,22246.316055465642,employed,666.3226120526323,0.15200597937365626,DE,medium
C00618,22,61320.066897045195,employed,627.1958449923712,0.04908600940689077,IE,medium
C00619,27,61730.76592668642,unemployed,629.4749221569123,0.10353672317365978,IE,low
C00620,44,19854.979597609166,employed,691.8752105360599,0.4050901691801015,NL,low
C00621,47,,employed,712.9018640148878,0.5119952145531452,IE,low
C00622,28,67447.24494099585,self-employed,590.5753644997508,0.2235575566653987,NL,low
C00623,43,59862.11548583153,employed,667.991421960367,0.24574952492203467,IE,low
C00624,54,65271.6111589893,self-employed,498.4071953696318,0.4716325432033441,FR,low
C00625,32,22510.34894009427,employed,682.360530301989,0.24888625608095186,FR,low
C00626,38,58951.84325492011,student,727.4962378406123,0.19782481840688043,IT,low
C00627,40,45644.985051120624,employed,642.0343725957682,0.4174723761173137,FR,low
C00628,48,41861.40666678246,employed,813.9552136834886,0.42834197014506753,IT,medium
C00629,40,70281.66779781425,self-employed,592.7384473102438,0.23812508139924518,NL,low
C00630,62,83064.76472415883,employed,682.8301140548674,0.4206685241473747,NL,medium
C00631,38,89681.77114660753,employed,662.0623707733916,0.15760071002460285,NL,low
C00632,44,79610.965301624,employed,656.7755912696405,0.26306733192164733,IT,medium
C00633,41,49695.58218576614,employed,655.6255822236106,0.312271155989643,DE,medium
C00634,29,59407.1234235532,self-employed,673.7826124607767,0.13914469171536084,IT,low
C00635,59,68103.28030746912,employed,734.5326169640234,0.16365797923531492,IT,high
C00636,32,54544.7369352887,employed,777.974371374529,0.1974446894410772,IT,low
C00637,36,54746.04794614243,employed,664.8154799506591,0.3722555781039603,IE,medium
C00638,65,69298.81576939982,student,731.8559179180739,0.4974735330923746,IT,medium
C00639,74,50755.06443345542,employed,607.4551104061238,0.4980788861094433,ES,low
C00640,58,36684.97433615311,self-employed,727.8083471235511,0.4392773961663823,NL,medium
C00641,73,43296.06561744697,student,602.5166950461868,0.18246416209246843,NL,low
C00642,69,65312.11793240859,employed,754.4341147592269,0.6103416705278478,IT,low
C00643,47,52062.85911519907,self-employed,846.2725519462456,0.03330114653309286,NL,low
C00644,64,59144.40951423509,employed,654.9891211863459,0.42341442313488503,ES,low
C00645,38,66071.66408624599,employed,485.2114337537925,0.3552294271740326,DE,low
C00646,46,44128.329279150195,self-employed,620.0580194739246,0.08205841559180524,FR,medium
C00647,50,67881.21143622593,student,766.0137610117229,0.2263912580739188,FR,low
C00648,75,59955.69467262628,employed,710.3522965360701,0.3004617890498678,NL,low
C00649,69,26068.92517485895,employed,685.4109150913524,0.10450554292507512,ES,medium
C00650,47,82288.40061491114,employed,747.7108051882968,0.2670623670894205,IT,low
C00651,57,41484.360381104765,employed,704.7251820183706,0.12391261290112833,NL,low
C00652,30,17242.997793111143,employed,764.8534653709931,0.3093804354425571,DE,medium
C00653,66,30054.08209868765,employed,740.3927414850529,0.33097418519258576,ES,high
C00654,51,30558.051625755237,employed,789.7794371244306,0.07206360464685989,DE,low
C00655,50,53095.6396918082,employed,694.4212788803129,0.2652048108976587,IE,low
C00656,64,46249.13938352902,self-employed,739.2312709225043,0.3805847423325389,IT,medium
C00657,56,44926.52867954755,self-employed,639.8155800069655,0.03766090644975453,FR,medium
C00658,23,65013.74127513206,self-employed,615.6802134521615,0.35254936039313367,FR,low
C00659,36,59137.38258504678,employed,804.9549465143558,0.39284734110502445,DE,low
C00660,29,58637.00528353001,employed,682.7287834584604,0.5838960185889733,NL,low
C00661,62,60606.397603902544,employed,731.0002064007151,0.33506187920380587,DE,medium
C00662,21,64938.828028047006,employed,675.146681181734,0.12536048512680317,IE,high
C00663,30,9000.0,employed,616.905716624563,0.30937705508842406,DE,medium
C00664,54,44346.796702446314,employed,665.9005971917569,0.32431401270518995,ES,low
C00665,59,9000.0,self-employed,782.7515094569526,0.4306222038762163,ES,medium
C00666,48,52757.25846275371,employed,710.5296860909127,0.5240361177445652,FR,medium
C00667,69,51902.70758328875,self-employed,524.6592009021024,0.29718512568638095,IT,low
C00668,73,73956.17777058328,employed,647.3499545607554,0.2518277253232712,DE,medium
C00669,26,76940.32224714354,self-employed,811.1480910017864,0.2944794753644992,IE,low
C00670,75,56258.276013299714,employed,647.4686573283036,0.2307748499147053,IT,low
C00671,55,41492.41737466511,employed,517.3607472777971,0.3283816313620901,ES,medium
C00672,56,62188.383363460496,employed,820.2300086046486,0.12221048712112326,IE,low
C00673,24,40913.72961618942,unemployed,720.956185804649,0.4171124717760069,NL,high
C00674,55,51970.75431968967,employed,659.2589455773503,0.3551981678054918,FR,low
C00675,61,72708.86265617612,employed,634.5437456412703,0.3069014769693261,DE,low
C00676,53,40286.80173422211,employed,753.7528582429223,0.1303431425212387,IE,low
C00677,23,68919.25142409252,self-employed,620.5573611814522,0.11193089742723296,NL,low
C00678,49,,employed,759.157026810311,0.4727359077507479,IT,low
C00679,74,31949.37184025275,employed,709.4600134293889,0.5851886565365287,FR,medium
C00680,61,72451.77669256541,employed,685.0639178899627,0.34246820542566486,IE,low
C00681,27,66669.8932528016,unemployed,676.9322140375189,0.6329179890453899,IE,low
C00682,75,54140.44363482581,employed,650.6526209894374,0.4454898032572474,FR,medium
C00683,75,35991.2073814193,employed,750.7424898571599,0.1422105013817791,NL,low
C00684,28,33956.67360991303,unemployed,594.0418877676495,0.3074699501764624,IT,medium
C00685,66,40709.08588503653,employed,532.0021395999229,0.2217818388413558,FR,low
C00686,42,63394.48372913116,employed,715.3840900771829,0.35275663927762096,DE,low
C00687,54,31931.871484570645,employed,716.7615429015061,0.2830235806802244,FR,medium
C00688,45,61187.757221017266,employed,704.3797745059649,0.38184331618271433,ES,medium
C00689,65,25923.133893553757,employed,698.4337263086792,0.404079842347011,DE,medium
C00690,77,47714.55972678417,employed,638.7156889763211,0.1769616319568212,NL,low
C00691,65,54302.60284605418,self-employed,729.573581759613,0.2697962273137146,IE,low
C00692,73,103347.73304623725,self-employed,661.2642336061276,0.31843563647368534,DE,medium
C00693,74,23076.371234072285,employed,625.0566880131554,0.3720664088506807,DE,medium
C00694,24,82912.3058962928,employed,639.4249123950572,0.4897065610836715,NL,medium
C00695,33,55146.69069373288,employed,830.6924552996182,0.12950294465047613,DE,low
C00696,61,60634.610278335225,unemployed,522.7319612722745,0.15700201480127762,DE,medium
C00697,53,54485.30618115229,employed,705.9826245522555,0.150611142419431,FR,low
C00698,21,61339.263182099894,employed,527.3129449348552,0.46672712358902363,DE,low
C00699,24,48772.61280839763,employed,656.1248662575161,0.37857322087399076,IT,low
C00700,49,82535.05381060662,employed,629.4425462173566,0.1591069886090493,DE,low
C00701,55,42414.10597128083,employed,494.02767967225,0.2778595171636229,ES,medium
C00702,28,75776.9260157642,self-employed,696.9010824155686,0.06789886878642197,IT,low
C00703,29,38468.29047552652,employed,633.83687890024,0.08879165462621309,ES,low
C00704,26,50734.71122557297,student,492.865079909978,0.11959158282269584,ES,medium
C00705,52,29488.786401905396,employed,733.8445834434887,0.4436904738635401,NL,medium
C00706,19,61555.49812729792,self-employed,782.6705065950927,0.4018204302676042,IE,low
C00707,52,82347.6450954572,student,787.1901960683189,0.1660097367330305,DE,high
C00708,47,50375.52022376206,unemployed,694.4344281334206,0.18868469738602564,DE,low
C00709,46,47865.400327217896,employed,668.7767673633234,0.1188818195448541,IE,medium
C00710,59,28593.043775573537,employed,773.9088429134554,0.13010722149009782,DE,low
C00711,49,47184.85427540153,employed,802.9554539978881,0.17673139311520242,FR,low
C00712,61,18551.32054584792,employed,757.9526336358012,0.31499007245814986,FR,low
C00713,64,32829.56227890463,employed,587.7939166171564,0.2698165484775407,DE,low
C00714,73,56762.50696829184,unemployed,681.5102779636236,0.0434622247872655,DE,low
C00715,66,79699.27715256932,unemployed,701.0403238318971,0.13307240646880347,ES,low
C00716,49,110993.42808581956,employed,516.6114085487873,0.3478890924910219,ES,medium
C00717,48,39681.71321351109,employed,703.4875740889034,0.3057825369859044,DE,low
C00718,32,82141.30328955424,student,850.0,0.1876504217614269,IE,low
C00719,54,57118.802088434604,unemployed,717.4747655956648,0.34876013246280957,DE,high
C00720,27,48823.7994183261,employed,785.819872678224,0.18953720514314357,IT,medium
C00721,73,61084.4834862492,employed,679.9990078705538,0.4040912366230855,IT,high
C00722,68,53300.24615727914,self-employed,658.9960974333267,0.3317018805055851,ES,low
C00723,26,,employed,696.26425398664,0.2064775505191637,NL,low
C00724,65,43425.00358063995,employed,598.1022148652766,0.6556737199993506,DE,low
C00725,25,22639.697144224134,unemployed,585.9704346467802,0.24682064768333525,FR,low
C00726,61,19583.870747036286,unemployed,768.836973687888,0.45276138586921066,IE,low
C00727,24,65718.14254890577,student,777.5320721150545,0.4302070063976576,NL,medium
C00728,47,46189.29810820002,self-employed,583.7292821218373,0.11863873165682214,DE,medium
C00729,57,39482.1331072205,employed,744.3759019734168,0.1819147018113979,IT,medium
C00730,61,52178.61816118623,employed,657.8692820003063,0.5175748754395774,IT,low
C00731,43,68693.57731122817,employed,692.8643031082153,0.20256214881742315,DE,medium
C00732,73,55787.642803554365,employed,702.7379284336752,0.32082818348862513,DE,low
C00733,64,38222.84633053969,employed,746.5367383861941,0.16558816614014651,DE,high
C00734,31,77752.15206862794,employed,671.7828925527815,0.3580138823154898,DE,low
C00735,58,85162.89556261427,employed,780.6332836147587,0.16936486523406924,ES,low
C00736,62,62385.68976177992,self-employed,690.3718528603139,0.4205627704744842,DE,low
C00737,38,72446.9337382259,employed,716.1831103425017,0.3372784156211955,ES,medium
C00738,62,78081.15993309004,employed,596.6724674939458,0.3631823597141345,FR,high
C00739,72,75732.08564449479,employed,842.0100388777964,0.4775994260433359,IE,high
C00740,67,64896.0827193651,employed,703.5256437028072,0.31862207256009845,IT,medium
C00741,63,64565.28798857254,student,723.4657888782981,0.22167396281912463,NL,high
C00742,56,62912.872040276554,employed,533.1287634806536,0.10500722470277371,NL,medium
C00743,34,28955.908834512084,employed,597.5384341075137,0.4202939476911738,DE,low
C00744,65,66715.1862940513,self-employed,766.5064624093359,0.4783550379841322,DE,medium
C00745,40,23527.906606342367,employed,688.5250716999935,0.5948672793302977,ES,low
C00746,50,35313.41144237385,employed,508.07006174402807,0.3902766952484495,DE,low
C00747,37,79374.86642396984,employed,750.1397741766732,0.13019958172507412,ES,low
C00000,37,69644.62341657815,employed,620.4098100430767,0.5515804220756956,NL,low
C00749,28,83235.36408340311,employed,780.7279928418903,0.20021980722983487,DE,high
