loan_id,customer_id,product_type,loan_amount,outstanding_balance,ltv,days_past_due,default_flag,pd,lgd,ead,last_update_days
L00000,C00000,credit card,39962.66,28032.84,0.333,0,False,0.04068,0.72,34594.24,48
L00001,C00001,mortgage,113695.11,66623.4,0.482,0,False,0.0151,0.22,67564.84,4
L00002,C00002,mortgage,31280.4,13798.84,0.739,0,False,0.01741,0.22,14148.47,16
L00003,C00003,credit card,20846.04,9525.13,1.063,0,False,0.04278,0.8609,15751.63,44
L00004,C00004,personal loan,91067.5,76115.22,0.837,5,False,0.07697,0.6194,77311.4,53
L00005,C00005,mortgage,29319.6,20159.83,0.856,15,False,0.06313,0.2679,20343.03,7
L00006,C00006,credit card,57416.25,25986.63,0.728,0,False,0.05641,0.72,43272.93,71
L00007,C00007,mortgage,16937.82,8322.21,0.272,95,True,0.41525,0.22,8494.52,46
L00008,C00008,personal loan,16467.93,6046.08,0.711,0,False,0.02868,0.58,6879.83,5
L00009,C00009,personal loan,30073.68,13495.69,0.608,5,False,0.14452,0.58,14821.93,16
L00010,C00010,SME loan,240820.4,107185.58,0.319,5,False,0.03821,0.48,140594.28,25
L00011,C00011,SME loan,68305.82,42940.27,0.759,0,False,0.01899,0.4838,49281.66,18
L00012,C00012,mortgage,39686.06,33609.97,0.736,0,False,0.04528,0.22,33731.49,45
L00013,C00013,mortgage,36100.6,34801.72,0.622,0,False,0.0449,0.22,34827.7,60
L00014,C00014,personal loan,57596.93,47281.18,0.682,0,False,0.04665,0.58,48106.44,4
L00015,C00015,mortgage,53779.99,30731.53,0.853,0,False,0.03139,0.2664,31192.5,22
L00016,C00016,mortgage,81875.23,27095.33,0.35,0,False,0.03518,0.22,28190.93,56
L00017,C00017,SME loan,212661.85,179461.26,0.648,15,False,0.06618,0.48,187761.4,14
L00018,C00018,credit card,38530.76,9499.92,0.435,31,False,0.12298,0.72,25466.88,7
L00019,C00019,personal loan,331512.21,78361.4,0.778,0,False,0.06368,0.5926,98613.46,68
L00020,C00020,personal loan,12158.04,5948.68,0.305,15,False,0.149,0.58,6445.43,24
L00021,C00021,SME loan,57461.94,41354.52,0.747,0,False,0.08219,0.48,45381.37,37
L00022,C00022,personal loan,28883.15,20465.47,0.61,0,False,0.13952,0.58,21138.89,33
L00023,C00023,SME loan,71485.65,48798.68,0.553,0,False,0.13063,0.48,54470.42,42
L00024,C00024,SME loan,18591.53,7587.89,0.828,0,False,0.02879,0.5149,10338.8,2
L00025,C00025,mortgage,26891.41,21199.91,0.9,0,False,0.00789,0.2876,21313.74,62
L00026,C00026,mortgage,50092.2,18850.09,0.858,0,False,0.01885,0.2687,19474.93,37
L00027,C00027,credit card,18156.24,11505.42,0.668,95,True,0.31432,0.72,15163.37,11
L00028,C00028,mortgage,472801.69,416614.27,1.049,0,False,0.03801,0.3546,417738.02,17
L00029,C00029,personal loan,113707.59,53019.1,0.615,0,False,0.01177,0.58,57874.18,44
L00030,C00030,mortgage,88991.21,47642.03,0.831,0,False,0.03713,0.2564,48469.01,46
L00031,C00031,personal loan,65144.92,35706.2,0.635,15,False,0.08113,0.58,38061.3,23
L00032,C00032,mortgage,70708.24,63636.55,0.411,0,False,0.23207,0.22,63777.98,72
L00033,C00033,personal loan,44106.67,14643.44,0.74,0,False,0.02251,0.58,17000.5,23
L00034,C00034,personal loan,58750.43,18151.01,0.581,0,False,0.08562,0.58,21398.96,64
L00035,C00035,mortgage,41295.76,19603.38,0.761,15,True,0.08803,0.2247,20037.23,63
L00036,C00036,personal loan,22877.73,16378.91,0.929,0,False,0.08349,0.6604,16898.82,12
L00037,C00037,personal loan,42786.0,40485.84,0.876,0,False,0.01921,0.6367,40669.86,31
L00038,C00038,mortgage,140292.6,66223.77,0.874,0,False,0.01431,0.2758,67705.14,68
L00039,C00039,personal loan,62175.86,37059.62,1.008,31,False,0.21034,0.6962,39068.92,47
L00040,C00040,personal loan,160108.5,91809.19,0.557,15,False,0.57404,0.58,97273.14,39
L00041,C00041,mortgage,102299.12,62741.89,0.573,15,False,0.47083,0.22,63533.04,67
L00042,C00042,personal loan,255772.67,99664.89,0.884,5,False,0.13574,0.6403,112153.52,61
L00043,C00043,mortgage,57996.73,19009.04,0.83,0,False,0.08003,0.2561,19788.8,3
L00044,C00044,personal loan,55716.82,27108.69,0.535,0,False,0.29419,0.58,29397.34,8
L00045,C00045,mortgage,36561.38,12326.3,0.515,31,False,0.09878,0.22,12811.0,42
L00046,C00046,personal loan,119490.93,60514.23,0.692,15,False,0.32121,0.58,65232.36,44
L00047,C00047,SME loan,36240.29,21106.47,0.967,0,False,0.10138,0.5777,24889.93,13
L00048,C00048,mortgage,79026.94,36080.89,0.491,0,False,0.06689,0.22,36939.81,43
L00049,C00049,mortgage,14349.01,3398.21,0.539,0,False,0.02172,0.22,3617.22,47
L00050,C00050,personal loan,35285.46,12206.01,0.546,0,False,0.01707,0.58,14052.36,23
L00051,C00051,personal loan,140007.61,74122.91,0.305,31,False,0.14065,0.58,79393.68,3
L00052,C00052,credit card,72073.65,25686.26,0.941,0,False,0.01563,0.8058,51199.32,25
L00053,C00053,mortgage,131579.5,65860.45,0.828,0,False,0.09915,0.2552,67174.84,47
L00054,C00054,mortgage,34035.47,10908.99,0.505,0,False,0.02894,0.22,11371.52,28
L00055,C00055,credit card,42048.35,28821.51,0.739,0,False,0.04344,0.72,36096.27,21
L00056,C00056,personal loan,14578.77,10393.59,0.78,0,False,0.04302,0.5936,10728.4,50
L00057,C00057,personal loan,49056.08,48601.58,0.673,0,False,,0.58,48637.94,40
L00058,C00058,credit card,89814.27,48787.47,0.424,0,False,0.13276,0.72,71352.21,51
L00059,C00059,credit card,41885.83,32365.83,0.95,0,False,0.02377,0.8099,37601.83,40
L00060,C00060,SME loan,52886.22,12291.66,0.652,0,False,0.02105,0.48,22440.3,0
L00061,C00061,personal loan,24777.03,20361.55,0.877,0,False,0.47281,0.6369,20714.79,23
L00062,C00062,mortgage,26615.57,11496.64,0.431,0,False,0.0104,0.22,11799.02,68
L00063,C00063,mortgage,49606.19,44329.28,0.295,0,False,0.46963,0.22,44434.82,67
L00064,C00064,personal loan,86562.87,22226.62,0.855,0,False,0.10504,0.6275,27373.52,15
L00065,C00065,credit card,37889.05,9417.82,0.367,0,False,0.01164,0.72,25077.0,47
L00066,C00066,personal loan,82136.25,49472.27,0.703,5,False,0.27671,0.58,52085.39,4
L00067,C00067,SME loan,113961.36,30901.95,0.496,0,False,0.17686,0.48,51666.8,61
L00068,C00068,credit card,34869.77,32552.36,0.752,0,False,0.11764,0.7209,33826.94,45
L00069,C00069,personal loan,21352.1,17379.92,0.422,0,False,0.00969,0.58,17697.7,49
L00070,C00070,mortgage,9685.39,2577.23,0.775,0,False,0.17112,0.2314,2719.4,16
L00071,C00071,personal loan,58748.96,39629.79,1.111,15,False,0.04153,0.7422,41159.32,19
L00072,C00072,SME loan,28979.99,26873.9,0.669,0,False,,0.48,27400.42,74
L00073,C00073,SME loan,52344.18,50713.3,0.938,0,False,0.13749,0.5645,51121.02,0
L00074,C00074,credit card,30238.29,29495.84,0.96,0,False,,0.8145,29904.19,15
L00075,C00075,credit card,41011.94,26950.88,0.588,95,True,0.5,0.72,34684.46,63
L00076,C00076,credit card,64753.0,18707.32,0.809,31,False,0.07384,0.7466,44032.45,26
L00077,C00077,credit card,37734.54,20076.68,0.63,5,False,0.0383,0.72,29788.5,0
L00078,C00078,credit card,102822.71,23142.66,0.592,15,False,0.56761,0.72,66966.69,0
L00079,C00079,personal loan,27754.36,15435.21,0.804,0,False,0.06865,0.6043,16420.74,37
L00080,C00080,personal loan,30995.82,26836.3,0.719,0,False,0.10177,0.58,27169.06,66
L00081,C00081,personal loan,36505.98,31305.73,0.786,0,False,0.02552,0.5964,31721.75,56
L00082,C00082,SME loan,66975.3,15470.58,0.602,0,False,0.1356,0.48,28346.76,39
L00083,C00083,credit card,22234.04,15947.92,0.765,0,False,0.01093,0.7267,19405.28,52
L00084,C00084,credit card,112371.54,32010.4,0.856,0,False,0.07972,0.7677,76209.03,14
L00085,C00085,personal loan,13483.07,12039.69,0.699,0,False,0.1599,0.58,12155.16,72
L00086,C00086,personal loan,43213.02,42489.3,0.794,0,False,0.06806,0.5999,42547.2,25
L00087,C00087,credit card,62916.4,21259.45,0.291,0,False,0.0936,0.72,44170.77,35
L00088,C00088,credit card,16536.38,14591.18,0.75,31,False,0.50112,0.72,15661.04,11
L00089,C00089,mortgage,63813.33,51487.79,0.204,0,False,0.04197,0.22,51734.3,54
L00090,C00090,SME loan,89039.85,26478.31,0.542,0,False,0.07226,0.48,42118.7,10
L00091,C00091,mortgage,58014.71,41835.59,0.707,0,False,0.17701,0.22,42159.17,38
L00092,C00092,credit card,46658.89,15589.42,0.601,15,False,0.15057,0.72,32677.63,36
L00093,C00093,personal loan,45951.51,19199.24,0.413,61,False,0.48212,0.58,21339.42,69
L00094,C00094,mortgage,48294.94,45787.85,0.754,0,False,0.06297,0.2219,45837.99,7
L00095,C00095,SME loan,97420.28,88990.72,0.866,0,False,0.08337,0.5323,91098.11,25
L00096,C00096,credit card,40540.39,36535.24,0.58,0,False,0.05009,0.72,38738.07,74
L00097,C00097,mortgage,34372.27,29228.02,0.803,0,False,0.00905,0.2439,29330.91,60
L00098,C00098,credit card,91715.12,53598.48,0.972,0,False,0.03946,0.82,74562.63,30
L00099,C00099,credit card,75131.86,65961.24,0.55,5,False,0.04027,0.72,71005.08,24
L00100,C00100,personal loan,104760.92,58994.73,0.52,0,False,0.13173,0.58,62656.03,50
L00101,C00101,SME loan,21609.08,16959.14,1.009,0,False,0.04555,0.5966,18121.63,72
L00102,C00102,SME loan,109569.62,105263.39,0.957,0,False,0.10156,0.573,106339.94,26
L00103,C00103,mortgage,43281.92,23353.62,0.796,5,False,0.1479,0.2409,23752.19,7
L00104,C00104,credit card,25154.41,18758.68,0.355,95,True,0.06251,0.72,22276.33,32
L00105,C00105,mortgage,85209.12,73347.8,1.115,0,False,0.19662,0.384,73585.03,59
L00106,C00106,mortgage,62307.04,29970.26,0.683,0,False,0.071,0.22,30617.0,58
L00107,C00107,credit card,22463.24,18848.45,0.804,0,False,0.0624,0.7443,20836.58,30
L00108,C00108,SME loan,41380.01,34375.66,0.66,0,False,0.03512,0.48,36126.75,22
L00109,C00109,personal loan,77665.31,63634.65,0.603,0,False,0.06548,0.58,64757.1,44
L00110,C00110,mortgage,13682.3,6624.68,0.402,0,False,0.05263,0.22,6765.83,22
L00111,C00111,mortgage,72601.06,35591.16,0.448,0,False,0.03906,0.22,36331.35,8
L00112,C00112,personal loan,42164.13,33776.54,0.51,5,False,0.47888,0.58,34447.55,42
L00113,C00113,credit card,71026.24,56650.25,0.515,0,False,0.034,0.72,64557.04,3
L00114,C00114,SME loan,9861.63,4108.44,0.413,0,False,0.02927,0.48,5546.74,57
L00115,C00115,credit card,154931.64,103798.23,0.616,0,False,0.04383,0.72,131921.6,54
L00116,C00116,SME loan,31536.47,14905.51,0.829,0,False,0.12954,0.5155,19063.25,0
L00117,C00117,credit card,32179.17,21942.86,0.612,15,False,0.02975,0.72,27572.84,13
L00118,C00118,personal loan,41240.95,30877.43,0.674,0,False,0.07811,0.58,31706.51,10
L00119,C00119,SME loan,72794.85,48707.13,0.997,0,False,0.03022,0.5911,54729.06,48
L00120,C00120,credit card,44245.49,17672.4,0.199,0,False,0.07144,0.72,32287.6,55
L00121,C00121,personal loan,150093.9,58268.87,0.716,0,False,0.01578,0.58,65614.87,41
L00122,C00122,credit card,41375.8,19607.32,0.832,0,False,0.18238,0.7568,31579.98,71
L00123,C00123,credit card,160204.07,70420.32,0.694,0,False,0.05217,0.72,119801.39,20
L00124,C00124,personal loan,42348.81,23243.5,0.279,0,False,0.13472,0.58,24771.93,26
L00125,C00125,personal loan,49247.2,34608.74,0.52,0,False,0.02411,0.58,35779.81,12
L00126,C00126,SME loan,15580.86,13923.42,0.69,31,False,0.04908,0.48,14337.78,54
L00127,C00127,personal loan,27453.97,18404.87,0.57,61,False,0.08206,0.58,19128.8,46
L00128,C00128,personal loan,60613.21,16845.92,0.751,5,False,0.07348,0.5807,20347.3,74
L00129,C00129,SME loan,17212.55,15315.56,0.589,0,False,0.0799,0.48,15789.81,52
L00130,C00130,SME loan,165464.16,81460.37,0.459,0,False,0.03677,0.48,102461.31,9
L00131,C00131,credit card,57219.77,55083.88,0.517,5,False,0.10235,0.72,56258.62,33
L00132,C00132,personal loan,37910.22,26679.46,0.431,0,False,0.09924,0.58,27577.92,16
L00133,C00133,mortgage,45962.51,11793.98,0.64,0,False,0.05122,0.22,12477.35,54
L00134,C00134,mortgage,163645.73,45798.79,0.801,0,False,0.0324,0.243,48155.72,67
L00135,C00135,mortgage,86075.73,60915.57,0.601,0,False,0.16294,0.22,61418.77,50
L00136,C00136,mortgage,12481.76,4635.35,0.737,0,False,0.0882,0.22,4792.28,44
L00137,C00137,credit card,36264.27,31782.42,0.567,0,False,0.33367,0.72,34247.44,59
L00138,C00138,mortgage,94978.61,63176.65,0.676,0,False,0.0836,0.22,63812.69,7
L00139,C00139,mortgage,26560.01,10772.33,0.682,15,False,0.05212,0.22,11088.09,42
L00140,C00140,personal loan,63414.15,40690.11,0.344,0,False,0.03397,0.58,42508.03,20
L00141,C00141,credit card,9541.17,5025.26,0.855,0,False,0.02313,0.7674,7509.01,72
L00142,C00142,mortgage,32085.25,15049.66,0.913,95,True,0.10884,0.2935,15390.38,64
L00143,C00143,mortgage,53071.66,50234.0,0.513,0,False,0.04728,0.22,50290.75,1
L00144,C00144,SME loan,82686.32,31901.54,0.538,0,False,0.03012,0.48,44597.74,61
L00145,C00145,credit card,34625.58,16593.01,0.581,0,False,0.02666,0.72,26510.92,74
L00146,C00146,SME loan,95530.22,34616.0,0.393,0,False,0.04443,0.48,49844.55,43
L00147,C00147,mortgage,16778.52,16351.44,0.459,31,False,0.02141,0.22,16359.98,8
L00148,C00148,credit card,42848.47,24604.12,0.566,0,False,0.03692,0.72,34638.51,14
L00149,C00149,mortgage,55978.19,33130.68,0.359,0,False,0.06911,0.22,33587.63,24
L00150,C00150,credit card,15802.99,12033.84,0.494,5,False,0.06214,0.72,14106.87,27
L00151,C00151,credit card,124331.66,120003.16,0.831,0,False,0.02702,0.7566,122383.84,44
L00152,C00152,mortgage,60479.64,37099.48,0.614,0,False,0.10384,0.22,37567.09,18
L00153,C00153,mortgage,22083.96,16098.7,0.543,5,False,0.02102,0.22,16218.4,27
L00154,C00154,credit card,73012.08,72201.6,0.623,61,False,0.21034,0.72,72647.37,60
L00155,C00155,personal loan,26826.77,21405.21,0.972,0,False,0.16049,0.6801,21838.94,15
L00156,C00156,personal loan,30654.99,29856.98,0.804,0,False,0.01203,0.6041,29920.82,28
L00157,C00157,credit card,18260.76,6404.76,0.339,95,True,0.0898,0.72,12925.56,40
L00158,C00158,credit card,37780.58,22045.39,0.73,5,False,0.47784,0.72,30699.75,6
L00159,C00159,credit card,10063.16,2335.58,0.726,5,False,0.01808,0.72,6585.75,38
L00160,C00160,credit card,57254.56,48145.94,0.372,0,False,0.01791,0.72,53155.68,47
L00161,C00161,SME loan,186009.67,114305.52,0.863,0,False,0.0405,0.531,132231.55,74
L00162,C00162,SME loan,35548.48,7997.77,0.648,31,False,0.08374,0.48,14885.45,52
L00163,C00163,personal loan,9320.61,8991.03,0.454,0,False,0.02888,0.58,9017.4,18
L00164,C00164,mortgage,34690.96,19734.91,0.646,0,False,0.08749,0.22,20034.03,72
L00165,C00165,SME loan,46617.24,33467.47,0.426,0,False,0.07691,0.48,36754.91,40
L00166,C00166,personal loan,54683.32,53891.84,0.772,0,False,0.03788,0.5901,53955.16,14
L00167,C00167,credit card,46736.97,30785.55,0.563,0,False,0.03174,0.72,39558.83,56
L00168,C00168,mortgage,146664.62,133983.72,0.52,0,False,0.03762,0.22,134237.34,24
L00169,C00169,mortgage,42791.02,40311.42,0.506,0,False,0.08034,0.22,40361.01,63
L00170,C00170,personal loan,36834.9,20309.29,0.692,61,False,0.12344,0.58,21631.34,63
L00171,C00171,personal loan,63016.16,40658.16,0.713,0,False,0.0514,0.58,42446.8,56
L00172,C00172,mortgage,67512.14,31671.45,0.489,0,False,0.2049,0.22,32388.26,50
L00173,C00173,SME loan,42023.38,14353.13,0.243,0,False,0.12562,0.48,21270.7,37
L00174,C00174,personal loan,41116.59,34086.74,0.526,0,False,0.031,0.58,34649.12,43
L00175,C00175,mortgage,30662.25,28345.58,0.582,0,False,0.22799,0.22,28391.92,29
L00176,C00176,mortgage,82862.85,72406.85,0.692,15,False,0.07956,0.22,72615.97,70
L00177,C00177,mortgage,15997.77,15515.55,0.602,5,False,0.15346,0.22,15525.19,29
L00178,C00178,personal loan,53317.31,37770.07,0.704,0,False,0.01593,0.58,39013.85,6
L00179,C00179,credit card,92878.0,67943.79,0.844,31,False,0.33878,0.7622,81657.61,34
L00180,C00180,credit card,47058.56,39568.29,0.533,5,False,0.06295,0.72,43687.94,42
L00181,C00181,personal loan,13979.04,8896.38,0.585,0,False,0.06656,0.58,9302.99,70
L00182,C00182,credit card,43534.0,10224.19,0.571,0,False,0.03885,0.72,28544.59,10
L00183,C00183,personal loan,82732.16,77250.28,0.551,0,False,0.02296,0.58,77688.83,73
L00184,C00184,mortgage,57734.62,40385.6,0.726,0,False,0.04857,0.22,40732.58,66
L00185,C00185,personal loan,22454.71,14227.06,0.723,0,False,0.01027,0.58,14885.28,35
L00186,C00186,mortgage,254111.74,183543.09,0.955,0,False,0.27039,0.3123,184954.47,0
L00187,C00187,mortgage,95805.07,27839.32,0.759,5,False,0.1911,0.2242,29198.63,43
L00188,C00188,mortgage,54709.11,25383.31,0.637,61,False,0.1171,0.22,25969.82,25
L00189,C00189,mortgage,360940.04,128282.04,0.403,0,False,0.0127,0.22,132935.2,22
L00190,C00190,personal loan,39707.29,22875.54,0.872,0,False,0.00567,0.6347,24222.08,44
L00191,C00191,personal loan,16501.17,13155.42,0.597,0,False,0.07185,0.58,13423.08,0
L00192,C00192,SME loan,43461.76,10822.84,0.671,0,False,0.11375,0.48,18982.57,22
L00193,C00193,personal loan,51461.57,37058.06,1.146,0,False,0.11495,0.7582,38210.34,25
L00194,C00194,credit card,15790.17,4543.35,0.598,0,False,0.02016,0.72,10729.1,38
L00195,C00195,SME loan,80648.15,77423.1,0.779,5,False,,0.4931,78229.36,65
L00196,C00196,personal loan,99649.17,46294.46,0.616,0,False,0.06829,0.58,50562.84,14
L00197,C00197,mortgage,17591.53,11719.33,0.859,0,False,0.30998,0.2689,11836.78,6
L00198,C00198,mortgage,30665.94,10729.84,0.789,15,False,0.03292,0.2374,11128.56,15
L00199,C00199,credit card,20279.51,8479.9,0.869,0,False,0.15816,0.7734,14969.68,43
L00200,C00200,credit card,19147.74,11770.36,0.452,5,False,0.04069,0.72,15827.92,17
L00201,C00201,personal loan,67304.58,50741.87,0.762,5,False,0.00714,0.5855,52066.88,7
L00202,C00202,credit card,52309.95,13555.76,0.716,0,False,0.02374,0.72,34870.56,24
L00203,C00203,mortgage,41797.28,30549.34,0.758,0,False,0.02165,0.2238,30774.3,38
L00204,C00204,SME loan,61195.01,15583.17,0.362,0,False,0.08128,0.48,26986.13,71
L00205,C00205,credit card,37052.87,35724.92,0.703,0,False,0.16541,0.72,36455.29,42
L00206,C00206,personal loan,30637.8,16492.22,0.723,0,False,0.05432,0.58,17623.87,6
L00207,C00207,credit card,36756.85,11488.84,0.82,0,False,0.0797,0.7516,25386.25,68
L00208,C00208,personal loan,40954.19,21387.28,0.861,15,False,0.25877,0.63,22952.63,29
L00209,C00209,personal loan,49656.22,48018.03,0.469,0,False,0.00777,0.58,48149.09,51
L00210,C00210,personal loan,70824.23,47586.34,0.373,31,False,0.23753,0.58,49445.37,25
L00211,C00211,mortgage,28901.52,20704.65,1.016,61,False,0.19651,0.3396,20868.58,64
L00212,C00212,credit card,39676.08,19939.59,0.538,0,False,0.0612,0.72,30794.66,47
L00213,C00213,SME loan,32356.98,8621.62,0.921,0,False,0.06111,0.5568,14555.46,50
L00214,C00214,personal loan,31217.15,12463.62,0.952,0,False,0.0201,0.6709,13963.9,66
L00215,C00215,mortgage,86571.78,36981.82,0.835,0,False,0.05916,0.2584,37973.62,22
L00216,C00216,credit card,29408.49,8208.72,0.9,0,False,0.02308,0.7877,19868.59,41
L00217,C00217,personal loan,43821.47,29869.61,0.62,0,False,0.11311,0.58,30985.76,42
L00218,C00218,mortgage,23475.88,12627.16,0.692,0,False,0.10782,0.22,12844.13,46
L00219,C00219,personal loan,81331.44,45703.46,0.822,0,False,0.07147,0.6126,48553.69,8
L00220,C00220,mortgage,108312.01,64674.76,0.566,0,False,0.14286,0.22,65547.5,46
L00221,C00221,credit card,55389.1,19334.04,0.532,5,False,0.10648,0.72,39164.32,46
L00222,C00222,personal loan,197670.19,169592.78,0.594,61,False,0.21717,0.58,171838.98,73
L00223,C00223,credit card,10739.2,9228.88,0.32,5,False,0.15603,0.72,10059.56,67
L00224,C00224,mortgage,29737.17,13153.85,0.789,0,False,0.14918,0.2377,13485.51,52
L00225,C00225,mortgage,78575.03,40591.04,0.656,0,False,0.03131,0.22,41350.72,65
L00226,C00226,credit card,15954.97,8865.28,0.958,0,False,0.22581,0.8137,12764.61,38
L00227,C00227,personal loan,43415.2,33002.46,0.752,0,False,0.21019,0.5809,33835.48,2
L00228,C00228,credit card,51604.01,47286.62,0.995,0,False,0.02173,0.8304,49661.19,51
L00229,C00229,mortgage,40969.7,23829.39,0.859,0,False,0.03326,0.269,24172.2,0
L00230,C00230,mortgage,47439.7,29771.15,0.769,95,True,0.31259,0.2288,30124.52,62
L00231,C00231,SME loan,90361.95,63259.81,0.909,0,False,0.02473,0.5515,70035.34,72
L00232,C00232,mortgage,106923.56,51231.48,0.417,0,False,0.00983,0.22,52345.33,29
L00233,C00233,personal loan,17742.25,5996.59,0.87,0,False,0.02871,0.6339,6936.24,53
L00234,C00234,mortgage,18915.31,17796.34,0.66,0,False,0.04843,0.22,17818.72,44
L00235,C00235,mortgage,67484.8,54641.7,0.453,61,False,0.25164,0.22,54898.56,0
L00236,C00236,mortgage,21006.42,9872.3,0.446,0,False,0.12255,0.22,10094.98,34
L00237,C00237,credit card,194007.35,187958.06,0.827,0,False,0.06193,0.7546,191285.17,4
L00238,C00238,mortgage,45509.92,44310.96,0.717,15,False,0.07505,0.22,44334.94,9
L00239,C00239,personal loan,57870.22,52626.61,0.583,0,False,0.01962,0.58,53046.1,44
L00240,C00240,personal loan,43169.2,38011.57,0.255,0,False,,0.58,38424.18,4
L00241,C00241,SME loan,37615.64,28146.76,0.655,0,False,0.0268,0.48,30513.98,19
L00242,C00242,SME loan,28929.92,15831.26,0.771,0,False,0.03708,0.4893,19105.92,63
L00243,C00243,personal loan,165276.85,89903.49,0.463,0,False,0.06128,0.58,95933.36,27
L00244,C00244,credit card,63738.9,62731.51,0.557,130,True,0.12984,0.72,63285.57,40
L00245,C00245,personal loan,11468.77,6895.47,0.484,0,False,0.14416,0.58,7261.33,36
L00246,C00246,mortgage,30996.05,18874.26,0.874,0,False,0.27052,0.2756,19116.7,12
L00247,C00247,mortgage,71825.92,31309.13,0.673,0,False,0.00753,0.22,32119.46,62
L00248,C00248,mortgage,66315.63,20444.96,0.59,0,False,0.02491,0.22,21362.37,63
L00249,C00249,personal loan,118699.19,110663.88,0.45,0,False,0.11122,0.58,111306.71,27
L00250,C00250,personal loan,59486.5,36418.32,1.02,5,False,0.17284,0.7016,38263.77,16
L00251,C00251,personal loan,40813.86,30594.86,0.543,0,False,0.03452,0.58,31412.38,73
L00252,C00252,personal loan,43221.46,9903.1,0.832,0,False,0.04194,0.6171,12568.57,50
L00253,C00253,personal loan,60468.5,43707.51,0.854,0,True,0.05374,0.6269,45048.39,71
L00254,C00254,mortgage,72524.64,56965.51,0.609,0,False,0.01003,0.22,57276.69,5
L00255,C00255,SME loan,30920.97,9880.91,0.784,31,False,0.49156,0.4952,15140.92,37
L00256,C00256,personal loan,38768.1,22334.08,0.662,31,False,0.51117,0.58,23648.8,74
L00257,C00257,mortgage,73874.34,43277.06,0.494,0,False,0.03228,0.22,43889.01,68
L00258,C00258,personal loan,54369.98,19320.88,0.518,0,False,0.0377,0.58,22124.81,38
L00259,C00259,personal loan,45453.11,34244.8,0.647,95,True,0.46359,0.58,35141.47,1
L00260,C00260,credit card,89706.92,68480.19,0.9,0,False,0.03861,0.7873,80154.89,70
L00261,C00261,credit card,28748.48,24071.41,0.605,0,False,0.02259,0.72,26643.8,31
L00262,C00262,personal loan,75759.45,29381.95,0.692,5,False,0.04976,0.58,33092.15,35
L00263,C00263,mortgage,118287.96,111183.55,0.847,0,False,0.05758,0.2635,111325.64,74
L00264,C00264,SME loan,48766.58,34778.51,0.874,0,False,0.16953,0.5359,38275.53,18
L00265,C00265,credit card,45938.5,41582.31,0.439,0,False,0.03868,0.72,43978.22,49
L00266,C00266,mortgage,22899.09,7118.66,1.181,0,False,0.0614,0.414,7434.27,23
L00267,C00267,mortgage,37641.58,13568.88,0.858,0,False,0.0195,0.2685,14050.34,0
L00268,C00268,personal loan,30446.07,20164.29,0.611,0,False,0.01396,0.58,20986.83,63
L00269,C00269,credit card,100698.0,24396.53,0.749,0,False,0.04604,0.72,66362.34,21
L00270,C00270,SME loan,40640.52,33399.61,0.929,0,False,0.10207,0.5607,35209.83,31
L00271,C00271,mortgage,39936.2,15256.64,0.53,0,False,0.03742,0.22,15750.23,30
L00272,C00272,credit card,106746.9,94477.38,0.623,0,False,0.15883,0.72,101225.62,74
L00273,C00273,SME loan,46375.11,22461.36,0.566,0,False,0.02485,0.48,28439.8,21
L00274,C00274,personal loan,72930.32,61773.57,0.406,0,False,0.00781,0.58,62666.11,45
L00275,C00275,credit card,37845.56,14813.8,0.599,0,False,0.052,0.72,27481.27,47
L00276,C00276,mortgage,64761.23,49670.25,0.629,5,False,0.04561,0.22,49972.07,7
L00277,C00277,personal loan,43188.16,11043.86,0.444,0,False,0.01309,0.58,13615.4,55
L00278,C00278,mortgage,123743.47,59161.51,0.654,5,False,0.08868,0.22,60453.15,19
L00279,C00279,personal loan,57926.76,30754.6,0.685,0,False,0.0064,0.58,32928.37,10
L00280,C00280,mortgage,17841.94,15874.19,0.605,0,False,0.05625,0.22,15913.54,67
L00281,C00281,credit card,34519.89,24301.48,0.791,0,False,0.04136,0.7386,29921.61,53
L00282,C00282,personal loan,19737.6,4928.65,0.452,0,False,0.07186,0.58,6113.37,52
L00283,C00283,credit card,72285.06,44980.89,0.771,0,False,0.12688,0.7293,59998.18,73
L00284,C00284,personal loan,86350.59,48320.33,0.05,0,False,0.06113,0.58,51362.75,27
L00285,C00285,personal loan,58993.17,18388.2,1.091,15,False,0.02779,0.7333,21636.6,60
L00286,C00286,personal loan,34072.49,14900.48,0.669,0,False,0.02339,0.58,16434.24,45
L00287,C00287,mortgage,21591.15,10748.68,0.571,0,False,0.02563,0.22,10965.53,6
L00288,C00288,credit card,47415.43,23820.34,0.787,0,False,0.15406,0.7364,36797.64,35
L00289,C00289,SME loan,30334.25,11440.27,0.637,0,False,0.04607,0.48,16163.77,74
L00290,C00290,mortgage,95756.87,72931.01,0.625,0,False,0.00476,0.22,73387.53,19
L00291,C00291,mortgage,37019.47,9887.0,0.664,5,False,0.11736,0.22,10429.65,64
L00292,C00292,mortgage,68118.23,21990.37,0.783,0,False,0.24636,0.2349,22912.93,51
L00293,C00293,mortgage,34702.38,32497.0,0.451,0,False,0.06513,0.22,32541.1,64
L00294,C00294,personal loan,107748.96,49556.95,0.807,0,False,0.06513,0.6057,54212.31,14
L00295,C00295,credit card,23590.71,17884.21,0.583,5,False,0.05178,0.72,21022.78,36
L00296,C00296,personal loan,37967.71,32848.19,0.78,0,False,0.03814,0.5935,33257.75,15
L00297,C00297,personal loan,74434.98,57552.09,0.506,5,False,0.06329,0.58,58902.72,30
L00298,C00298,SME loan,163873.14,68974.77,0.453,0,False,0.06838,0.48,92699.36,61
L00299,C00299,SME loan,17491.07,12436.37,0.646,61,False,0.11287,0.48,13700.04,70
L00300,C00300,mortgage,19625.88,13069.25,0.464,15,False,0.31303,0.22,13200.38,5
L00301,C00301,mortgage,68773.53,65526.37,0.552,130,True,0.33363,0.22,65591.31,38
L00302,C00302,SME loan,152856.23,36791.36,0.817,0,False,0.03098,0.5102,65807.58,19
L00303,C00303,credit card,89759.08,48986.95,0.804,0,False,0.02094,0.7444,71411.62,17
L00304,C00304,SME loan,82111.8,78397.87,0.558,0,False,0.04024,0.48,79326.35,40
L00305,C00305,credit card,22738.07,13185.13,0.621,0,False,0.07992,0.72,18439.25,30
L00306,C00306,personal loan,59195.62,58644.29,0.745,0,False,0.07376,0.58,58688.4,14
L00307,C00307,personal loan,70824.25,54627.74,0.517,5,False,0.10538,0.58,55923.46,69
L00308,C00308,credit card,57135.32,26331.94,0.343,15,False,0.15629,0.72,43273.8,56
L00309,C00309,credit card,61030.92,60490.1,0.475,0,False,0.10486,0.72,60787.55,53
L00310,C00310,personal loan,84354.8,55187.71,0.87,0,False,0.01435,0.6342,57521.08,25
L00311,C00311,mortgage,8490.94,1966.74,0.99,0,False,0.05099,0.3281,2097.22,10
L00312,C00312,SME loan,11307.33,10494.45,0.742,95,True,0.18227,0.48,10697.67,14
L00313,C00313,personal loan,20815.52,10536.26,0.423,61,False,0.08872,0.58,11358.6,65
L00314,C00314,mortgage,52167.36,39365.24,0.735,15,False,0.01341,0.22,39621.28,32
L00315,C00315,credit card,37035.71,25069.18,0.745,15,False,0.19339,0.72,31650.77,21
L00316,C00316,personal loan,18766.9,14642.99,0.754,95,True,0.30014,0.5816,14972.9,17
L00317,C00317,credit card,157377.25,129826.97,1.001,0,False,0.07335,0.8328,144979.62,39
L00318,C00318,credit card,42213.26,42198.55,0.873,5,False,0.12451,0.7754,42206.64,13
L00319,C00319,mortgage,56467.14,44266.89,0.913,0,False,0.08184,0.2932,44510.9,24
L00320,C00320,SME loan,96037.17,95011.77,0.541,0,False,0.07519,0.48,95268.12,51
L00321,C00321,credit card,227197.75,55105.13,0.615,0,False,0.10595,0.72,149756.07,19
L00322,C00322,mortgage,46969.41,39735.54,0.679,0,False,0.02228,0.22,39880.22,39
L00323,C00323,personal loan,56020.61,53204.35,0.829,0,False,0.09432,0.6157,53429.65,59
L00324,C00324,SME loan,19998.04,10386.26,0.669,0,False,0.01811,0.48,12789.2,74
L00325,C00325,personal loan,47364.1,28352.43,0.814,130,True,0.10944,0.6087,29873.36,17
L00326,C00326,credit card,-1000.0,4935.93,0.871,0,False,0.07168,0.7746,13099.1,31
L00327,C00327,credit card,35366.33,13992.72,0.75,5,False,0.10797,0.72,25748.21,58
L00328,C00328,credit card,84852.15,35032.96,1.029,0,False,0.00814,0.8455,62433.52,34
L00329,C00329,personal loan,63422.03,52938.1,0.634,15,False,0.06575,0.58,53776.81,59
L00330,C00330,credit card,96963.9,80931.28,0.807,0,False,0.28275,0.7456,89749.22,12
L00331,C00331,personal loan,58742.49,16196.57,0.52,0,False,0.09121,0.58,19600.25,23
L00332,C00332,personal loan,113457.64,106101.46,0.679,5,False,0.26611,0.58,106689.96,17
L00333,C00333,mortgage,24166.92,23816.62,0.838,0,False,0.06904,0.2595,23823.63,18
L00334,C00334,personal loan,117703.89,112290.12,0.984,15,False,0.07277,0.6855,112723.22,15
L00335,C00335,personal loan,32472.83,23195.56,0.725,130,True,0.32974,0.58,23937.74,74
L00336,C00336,mortgage,37354.6,34204.48,0.927,5,False,0.01143,0.2998,34267.48,33
L00337,C00337,mortgage,39129.05,25876.42,1.017,31,False,0.13351,0.34,26141.47,41
L00338,C00338,personal loan,183306.8,149748.41,0.675,0,False,0.01493,0.58,152433.08,45
L00339,C00339,personal loan,28457.66,8406.13,0.919,0,False,0.24184,0.6562,10010.25,63
L00340,C00340,SME loan,69320.19,68696.45,0.961,5,False,0.13479,0.5749,68852.38,38
L00341,C00341,personal loan,66255.52,28146.12,0.639,0,False,0.02415,0.58,31194.87,67
L00342,C00342,personal loan,52571.34,46327.51,0.821,5,False,0.05162,0.6119,46827.02,16
L00343,C00343,mortgage,27744.04,8409.03,0.327,0,False,0.1973,0.22,8795.73,18
L00344,C00344,mortgage,21477.32,16566.17,0.303,0,False,0.04811,0.22,16664.39,21
L00345,C00345,mortgage,21384.69,5182.04,0.444,5,False,0.04915,0.22,5506.1,60
L00346,C00346,personal loan,107228.57,63227.99,0.732,5,False,0.1061,0.58,66748.03,68
L00347,C00347,mortgage,27731.41,7565.39,0.804,0,False,0.07638,0.2444,7968.71,69
L00348,C00348,SME loan,20474.76,11603.45,0.331,0,False,0.04823,0.48,13821.28,72
L00349,C00349,mortgage,97426.47,36453.72,0.628,15,False,0.07553,0.22,37673.18,11
L00350,C00350,personal loan,76220.83,24343.67,0.641,0,False,0.03937,0.58,28493.84,61
L00351,C00351,credit card,47711.45,24402.5,0.432,0,False,0.02341,0.72,37222.43,34
L00352,C00352,mortgage,33403.32,28466.08,0.608,31,False,0.06134,0.22,28564.82,63
L00353,C00353,personal loan,6811.3,4774.35,0.864,0,False,0.04376,0.6312,4937.31,61
L00354,C00354,credit card,27804.37,23942.36,0.671,0,False,0.10854,0.72,26066.46,2
L00355,C00355,credit card,43028.31,32848.46,0.859,0,False,0.02279,0.7692,38447.38,12
L00356,C00356,mortgage,22453.66,7219.97,0.828,0,False,0.01547,0.255,7524.64,0
L00357,C00357,credit card,22476.54,21708.7,0.781,0,False,0.03659,0.734,22131.01,46
L00358,C00358,SME loan,213652.65,155978.73,0.649,0,False,0.01599,0.48,170397.21,7
L00359,C00359,mortgage,14229.5,12030.64,0.733,5,False,0.04279,0.22,12074.62,49
L00360,C00360,personal loan,60026.46,40290.41,0.475,0,False,0.01302,0.58,41869.3,41
L00361,C00361,SME loan,27219.49,9395.1,0.91,0,False,0.0109,0.5519,13851.2,45
L00362,C00362,mortgage,55521.96,48348.82,1.017,0,False,0.08101,0.3403,48492.28,10
L00363,C00363,mortgage,20149.31,10147.28,0.436,0,False,0.04513,0.22,10347.32,46
L00364,C00364,SME loan,114302.23,88549.92,0.455,0,False,0.03082,0.48,94988.0,54
L00365,C00365,credit card,37879.04,20972.47,0.665,5,False,0.06506,0.72,30271.08,56
L00366,C00366,personal loan,165104.28,89572.04,0.424,0,False,0.0644,0.58,95614.62,30
L00367,C00367,SME loan,129119.59,80053.59,0.778,0,False,0.15473,0.4926,92320.09,72
L00368,C00368,credit card,25020.52,5979.29,0.432,0,False,0.02742,0.72,16451.97,72
L00369,C00369,personal loan,23309.8,19814.07,1.114,0,False,0.06363,0.7438,20093.73,25
L00370,C00370,credit card,18745.91,7026.39,1.042,95,True,0.29602,0.8513,13472.13,51
L00371,C00371,personal loan,23521.29,18066.77,0.805,0,False,,0.6049,18503.13,23
L00372,C00372,personal loan,116981.54,101850.47,0.577,0,False,0.1024,0.58,103060.96,67
L00373,C00373,mortgage,155895.91,119912.15,0.901,0,False,0.03346,0.2879,120631.83,46
L00374,C00374,credit card,31473.4,24320.77,0.593,0,False,0.02863,0.72,28254.72,13
L00375,C00375,mortgage,105964.98,102772.37,0.492,5,False,0.02703,0.22,102836.22,17
L00376,C00376,credit card,46553.09,40297.25,0.294,0,False,,0.72,43737.97,28
L00377,C00377,credit card,39689.64,19991.9,0.503,15,False,0.04213,0.72,30825.66,5
L00378,C00378,mortgage,43471.07,25893.56,0.964,0,False,0.02338,0.3164,26245.11,17
L00379,C00379,mortgage,85604.99,19137.2,0.95,0,False,0.06525,0.31,20466.55,60
L00380,C00380,mortgage,11348.35,2962.84,0.785,0,False,0.15942,0.2359,3130.55,1
L00381,C00381,mortgage,37112.93,23739.43,0.666,31,False,0.06393,0.22,24006.9,2
L00382,C00382,personal loan,31057.87,24636.2,0.388,31,False,0.22222,0.58,25149.94,50
L00383,C00383,personal loan,87435.32,61396.94,0.554,5,False,0.13052,0.58,63480.01,45
L00384,C00384,credit card,83157.6,51666.98,0.573,0,False,,0.72,68986.82,52
L00385,C00385,credit card,100868.74,86560.63,0.635,31,False,0.10972,0.72,94430.09,65
L00386,C00386,personal loan,77309.49,37633.01,0.492,0,False,0.04885,0.58,40807.13,31
L00387,C00387,mortgage,63070.47,24691.01,0.805,0,False,0.0425,0.2448,25458.6,28
L00388,C00388,credit card,26992.23,7832.06,0.535,0,False,0.01988,0.72,18370.15,8
L00389,C00389,mortgage,58968.72,49043.29,0.557,0,False,0.06213,0.22,49241.8,56
L00390,C00390,credit card,37384.98,35764.33,0.783,0,False,0.16792,0.7351,36655.69,5
L00391,C00391,mortgage,33455.6,12160.64,0.756,0,False,0.01869,0.2225,12586.54,54
L00392,C00392,SME loan,9808.65,7300.24,0.88,0,False,0.02233,0.5385,7927.34,52
L00393,C00393,mortgage,106750.27,42038.0,0.521,0,False,0.08886,0.22,43332.24,71
L00394,C00394,mortgage,24234.06,10327.42,0.834,0,False,0.10482,0.2579,10605.55,66
L00395,C00395,SME loan,47746.1,21808.82,0.346,5,False,0.16526,0.48,28293.14,4
L00396,C00396,mortgage,192360.72,116535.68,0.619,0,False,0.06691,0.22,118052.18,51
L00397,C00397,SME loan,94240.16,27730.89,0.465,0,False,0.01224,0.48,44358.21,38
L00398,C00398,mortgage,34857.7,30719.27,0.636,0,False,0.05778,0.22,30802.03,71
L00399,C00399,SME loan,299328.28,142965.89,0.921,0,False,0.02388,0.5568,182056.49,38
L00400,C00400,credit card,104465.56,89316.27,0.234,15,False,0.03529,0.72,97648.38,33
L00401,C00401,personal loan,26765.83,25338.8,0.92,0,False,0.21286,0.6563,25452.97,1
L00402,C00402,credit card,-1000.0,24256.7,0.904,0,False,0.01565,0.7892,30335.73,26
L00403,C00403,SME loan,104457.14,85802.03,0.582,0,False,0.1069,0.48,90465.81,0
L00404,C00404,SME loan,90491.42,30497.89,0.506,0,False,0.02765,0.48,45496.27,20
L00405,C00405,mortgage,66129.18,35624.57,0.723,0,False,0.02433,0.22,36234.66,63
L00406,C00406,mortgage,20576.22,5876.51,0.306,0,False,0.01105,0.22,6170.5,29
L00407,C00407,personal loan,45957.12,17745.05,0.924,0,True,0.01633,0.6584,20002.02,70
L00408,C00408,SME loan,91082.14,75536.8,1.021,0,False,0.25931,0.6018,79423.14,5
L00409,C00409,personal loan,194785.39,84401.87,0.517,130,True,0.59626,0.58,93232.56,22
L00410,C00410,personal loan,55517.19,37291.59,0.558,0,False,0.0248,0.58,38749.64,43
L00411,C00411,personal loan,42787.06,42620.03,0.784,0,False,0.05792,0.5954,42633.39,22
L00412,C00412,credit card,42163.95,40328.29,0.513,15,False,0.04388,0.72,41337.9,49
L00413,C00413,SME loan,71442.34,33986.56,0.537,0,False,0.06011,0.48,43350.51,54
L00414,C00414,credit card,13301.64,12483.15,0.811,15,False,0.07151,0.7474,12933.32,18
L00415,C00415,mortgage,36795.84,30648.87,0.662,31,False,0.19281,0.22,30771.81,54
L00416,C00416,personal loan,45013.69,23257.69,0.798,0,False,0.12009,0.6014,24998.17,19
L00417,C00417,mortgage,63835.09,55413.44,0.95,31,False,0.1642,0.3101,55581.87,15
L00418,C00418,personal loan,46917.04,23519.72,0.5,0,False,0.0273,0.58,25391.51,45
L00419,C00419,mortgage,41189.98,29241.84,0.709,0,False,0.07072,0.22,29480.8,12
L00420,C00420,mortgage,34271.06,10213.04,0.444,0,False,0.03423,0.22,10694.2,23
L00421,C00421,credit card,51978.3,38295.24,0.86,5,False,0.02948,0.7694,45820.93,12
L00422,C00422,mortgage,72031.88,19010.32,0.644,5,False,0.07113,0.22,20070.75,68
L00423,C00423,mortgage,65005.39,43647.94,0.705,0,False,0.38659,0.22,44075.09,35
L00424,C00424,credit card,100684.43,95910.37,0.938,15,False,0.33621,0.8046,98536.1,2
L00425,C00425,personal loan,36380.43,8854.09,0.384,0,False,0.00629,0.58,11056.19,63
L00426,C00426,mortgage,76743.62,60543.46,0.736,5,False,0.11905,0.22,60867.46,3
L00427,C00427,mortgage,16409.67,11024.3,0.456,0,False,0.20208,0.22,11132.01,74
L00428,C00428,mortgage,38887.95,22621.63,0.763,0,False,0.01232,0.2261,22946.95,35
L00429,C00429,SME loan,137819.73,96233.54,0.31,0,False,0.03231,0.48,106630.09,54
L00430,C00430,personal loan,26005.22,22833.86,0.579,15,False,0.02207,0.58,23087.56,34
L00431,C00431,personal loan,82068.65,60153.22,0.583,0,False,0.09981,0.58,61906.45,40
L00432,C00432,personal loan,31332.47,17780.45,0.899,0,False,0.03485,0.6469,18864.61,53
L00433,C00433,credit card,54187.59,20447.38,0.745,130,True,0.14988,0.72,39004.49,70
L00434,C00434,SME loan,16277.76,8887.53,0.438,31,False,0.17281,0.48,10735.09,45
L00435,C00435,mortgage,176136.62,85509.5,0.535,0,False,0.00643,0.22,87322.04,12
L00436,C00436,mortgage,147033.82,63586.72,0.874,0,False,0.01247,0.2756,65255.66,8
L00437,C00437,personal loan,29465.31,9793.28,0.604,0,False,0.12841,0.58,11367.04,8
L00438,C00438,credit card,23698.77,22306.97,0.705,0,False,0.0478,0.72,23072.46,39
L00439,C00439,personal loan,15470.16,10414.96,0.573,0,False,0.01227,0.58,10819.38,60
L00440,C00440,mortgage,58480.35,24903.45,0.835,0,False,0.02341,0.2582,25574.99,39
L00441,C00441,personal loan,57737.41,26854.23,0.872,5,False,0.12678,0.635,29324.88,16
L00442,C00442,credit card,75662.43,47442.7,1.092,130,True,0.05054,0.8738,62963.55,25
L00443,C00443,personal loan,68661.96,33841.36,0.542,0,False,0.0385,0.58,36627.0,43
L00444,C00444,SME loan,24611.62,20447.28,0.543,0,False,0.00394,0.48,21488.37,5
L00445,C00445,personal loan,108719.45,88904.55,0.697,0,False,0.17765,0.58,90489.74,54
L00446,C00446,personal loan,154966.21,80610.76,0.594,5,False,0.15151,0.58,86559.19,35
L00447,C00447,mortgage,40065.63,16822.26,0.366,61,False,0.27417,0.22,17287.13,51
L00448,C00448,personal loan,32788.42,29391.41,0.842,0,False,0.04145,0.6213,29663.17,47
L00449,C00449,mortgage,42719.64,32980.13,0.878,31,False,0.24172,0.2777,33174.92,63
L00450,C00450,mortgage,37826.19,27075.44,0.39,31,False,0.64017,0.22,27290.46,2
L00451,C00451,credit card,94002.64,33301.33,0.576,0,False,0.04794,0.72,66687.05,1
L00452,C00452,SME loan,96241.79,22842.77,0.889,0,True,0.03931,0.5424,41192.53,51
L00453,C00453,personal loan,78359.86,56176.19,0.253,0,False,0.04651,0.58,57950.88,2
L00454,C00454,mortgage,40066.22,35691.4,0.695,0,False,0.00696,0.22,35778.89,3
L00455,C00455,mortgage,51865.4,38948.41,0.704,0,False,0.02889,0.22,39206.75,36
L00456,C00456,credit card,104387.61,49703.89,0.552,0,False,0.01474,0.72,79779.94,56
L00457,C00457,mortgage,78700.58,41413.57,0.731,15,False,0.05537,0.22,42159.31,54
L00458,C00458,credit card,58392.94,23394.54,0.755,95,True,0.08263,0.7221,42643.66,64
L00459,C00459,personal loan,64375.45,14432.31,0.393,0,False,0.13449,0.58,18427.76,15
L00460,C00460,SME loan,114314.77,93302.17,0.865,0,False,0.00753,0.5319,98555.32,66
L00461,C00461,credit card,38400.68,15270.89,0.627,0,False,0.02698,0.72,27992.28,70
L00462,C00462,personal loan,24005.44,19293.85,0.955,15,False,0.054,0.6723,19670.78,74
L00463,C00463,credit card,38963.98,33239.53,0.4,0,False,0.02256,0.72,36387.98,45
L00464,C00464,mortgage,196200.21,47021.86,0.575,0,False,0.04413,0.22,50005.43,11
L00465,C00465,mortgage,28207.75,15188.51,0.519,15,False,0.06201,0.22,15448.89,25
L00466,C00466,credit card,120921.6,112430.68,0.554,0,False,0.00779,0.72,117100.68,29
L00467,C00467,credit card,22668.17,12761.1,1.086,95,True,0.18239,0.871,18209.99,66
L00468,C00468,personal loan,51286.4,21235.95,0.585,0,False,0.0335,0.58,23639.99,67
L00469,C00469,credit card,80987.24,24165.62,0.665,0,False,0.01083,0.72,55417.51,57
L00470,C00470,SME loan,38178.77,37637.65,0.641,0,False,0.01424,0.48,37772.93,7
L00471,C00471,mortgage,31669.41,22893.32,0.57,0,False,0.09922,0.22,23068.84,1
L00472,C00472,personal loan,67383.36,67321.24,0.544,0,False,0.26065,0.58,67326.21,10
L00473,C00473,mortgage,23683.46,20117.45,0.797,95,True,0.10898,0.241,20188.77,41
L00474,C00474,mortgage,109569.19,60251.85,0.523,0,False,0.14028,0.22,61238.2,38
L00475,C00475,mortgage,32741.42,28290.97,0.74,0,False,0.01382,0.22,28379.98,10
L00476,C00476,personal loan,71232.2,54377.51,0.79,31,False,0.29182,0.598,55725.88,69
L00477,C00477,credit card,32769.33,26344.73,0.622,0,False,0.02199,0.72,29878.26,30
L00478,C00478,mortgage,45861.93,42073.73,0.724,0,False,,0.22,42149.49,21
L00479,C00479,mortgage,45195.92,41459.95,0.517,0,False,0.19406,0.22,41534.67,32
L00480,C00480,mortgage,101432.3,41773.02,0.639,0,False,0.03863,0.22,42966.21,48
L00481,C00481,mortgage,76277.05,35795.39,0.352,15,False,0.10729,0.22,36605.02,25
L00482,C00482,personal loan,21795.56,7600.21,0.5,0,False,0.04947,0.58,8735.84,5
L00483,C00483,mortgage,17660.25,8300.04,0.715,0,False,0.06157,0.22,8487.24,66
L00484,C00484,SME loan,21355.46,19027.24,0.934,0,False,0.0062,0.5629,19609.29,38
L00485,C00485,personal loan,27273.68,8841.91,0.767,0,False,0.0234,0.5875,10316.46,44
L00486,C00486,mortgage,106030.8,76323.06,0.753,0,False,0.01197,0.2214,76917.22,46
L00487,C00487,personal loan,55880.71,53064.76,0.812,0,False,0.04517,0.6079,53290.04,50
L00488,C00488,mortgage,109419.85,81411.35,0.513,0,False,0.0195,0.22,81971.52,52
L00489,C00489,credit card,28127.14,9717.72,0.614,0,False,0.07543,0.72,19842.9,70
L00490,C00490,mortgage,40527.57,30938.35,0.588,0,False,0.42865,0.22,31130.14,52
L00491,C00491,credit card,36031.17,33514.19,0.335,0,False,0.04635,0.72,34898.53,49
L00492,C00492,mortgage,16278.31,6275.47,0.405,0,False,0.01116,0.22,6475.53,63
L00493,C00493,personal loan,118002.48,63444.72,0.739,15,False,0.12634,0.58,67809.34,58
L00494,C00494,personal loan,22634.11,6520.02,0.891,61,False,0.1772,0.6436,7809.15,43
L00495,C00495,mortgage,20223.44,8829.91,0.733,0,False,0.05648,0.22,9057.78,54
L00496,C00496,credit card,61211.22,25607.42,0.456,0,False,0.00959,0.72,45189.51,48
L00497,C00497,personal loan,103905.19,96163.0,0.855,0,False,0.0175,0.6273,96782.37,37
L00498,C00498,credit card,88299.0,46233.57,0.57,5,False,0.0285,0.72,69369.55,33
L00499,C00499,mortgage,71483.24,25979.39,0.412,61,False,0.18168,0.22,26889.47,54
L00500,C00500,personal loan,147929.79,51587.55,0.789,0,False,0.0388,0.5975,59294.93,25
L00501,C00501,mortgage,32121.73,21838.13,0.801,15,False,0.05344,0.2429,22043.81,29
L00502,C00502,credit card,14729.75,6434.62,1.014,0,False,0.09426,0.839,10996.94,12
L00503,C00503,mortgage,73396.27,50291.61,0.593,0,False,0.18638,0.22,50753.71,60
L00504,C00504,personal loan,38322.43,19443.91,0.917,0,False,0.02389,0.6551,20954.19,9
L00505,C00505,credit card,77704.83,76388.34,0.635,0,False,0.02026,0.72,77112.41,70
L00506,C00506,personal loan,195825.06,142705.15,0.775,0,False,0.00973,0.591,146954.75,64
L00507,C00507,credit card,107071.35,65057.72,0.982,0,False,0.02377,0.8243,88165.21,21
L00508,C00508,SME loan,63224.83,46021.85,0.75,0,False,0.01021,0.4801,50322.59,49
L00509,C00509,credit card,33206.03,13326.2,0.84,0,False,0.0853,0.7604,24260.1,32
L00510,C00510,mortgage,110285.44,79860.42,0.914,0,False,0.04408,0.2939,80468.92,47
L00511,C00511,mortgage,107497.37,71939.46,0.902,0,False,0.02073,0.2886,72650.62,9
L00512,C00512,mortgage,89565.31,70238.29,0.562,0,False,0.00476,0.22,70624.83,70
L00513,C00513,personal loan,60378.13,24669.07,0.975,0,False,0.0098,0.6814,27525.8,64
L00514,C00514,credit card,26197.7,11912.59,0.646,0,False,0.01213,0.72,19769.4,61
L00515,C00515,SME loan,61192.6,17626.58,0.548,0,False,0.04761,0.48,28518.09,8
L00516,C00516,credit card,125737.47,83699.7,0.681,0,False,0.10318,0.72,106820.48,74
L00517,C00517,SME loan,30530.94,13122.55,1.026,0,False,0.02084,0.6044,17474.65,69
L00518,C00518,credit card,79573.35,28423.26,0.555,0,False,0.10788,0.72,56555.81,66
L00519,C00519,personal loan,214958.9,178855.77,0.837,5,False,0.07369,0.6193,181744.02,46
L00520,C00520,mortgage,82695.32,43700.16,0.618,0,False,0.04933,0.22,44480.06,11
L00521,C00521,SME loan,78866.12,46444.02,1.105,0,False,0.01517,0.64,54549.54,49
L00522,C00522,credit card,57517.92,23442.44,0.402,0,False,0.1048,0.72,42183.95,41
L00523,C00523,mortgage,87447.26,45612.36,0.414,0,False,0.26264,0.22,46449.06,31
L00524,C00524,mortgage,471367.29,411279.56,0.389,15,False,0.04019,0.22,412481.31,9
L00525,C00525,personal loan,30112.52,26458.35,0.63,5,False,,0.58,26750.68,7
L00526,C00526,mortgage,31187.8,14255.3,0.742,0,False,0.03882,0.22,14593.95,4
L00527,C00527,personal loan,64391.93,61042.19,0.409,15,False,0.1725,0.58,61310.17,66
L00528,C00528,credit card,24852.89,20313.75,0.276,0,False,0.14214,0.72,22810.28,49
L00529,C00529,personal loan,28238.88,7758.47,0.57,61,False,0.06942,0.58,9396.9,35
L00530,C00530,mortgage,25071.38,11688.72,0.891,5,False,,0.2833,11956.38,69
L00531,C00531,mortgage,51001.73,47650.27,0.3,0,False,0.07537,0.22,47717.29,58
L00532,C00532,personal loan,11622.18,4766.42,0.494,0,False,0.01244,0.58,5314.88,48
L00533,C00533,mortgage,30450.5,15524.16,0.856,15,False,0.14229,0.2676,15822.68,7
L00534,C00534,mortgage,21734.61,18561.15,0.626,130,True,0.48746,0.22,18624.62,64
L00535,C00535,mortgage,36820.14,20474.08,0.682,5,False,0.09876,0.22,20801.0,14
L00536,C00536,mortgage,68807.19,59333.21,0.405,31,False,0.05124,0.22,59522.69,32
L00537,C00537,credit card,68595.85,60194.47,0.725,0,False,0.03816,0.72,64815.23,11
L00538,C00538,personal loan,52857.18,51263.38,0.728,0,False,0.15517,0.58,51390.88,52
L00539,C00539,mortgage,73153.43,42079.95,0.832,5,False,0.02869,0.2569,42701.42,12
L00540,C00540,SME loan,39614.71,26075.05,0.829,0,False,0.12862,0.5157,29459.97,1
L00541,C00541,credit card,46387.28,20031.17,0.649,0,False,0.04158,0.72,34527.03,58
L00542,C00542,personal loan,28415.19,22875.04,0.793,15,False,0.15096,0.5993,23318.25,39
L00543,C00543,credit card,54689.21,46064.64,0.428,0,False,0.18657,0.72,50808.15,3
L00544,C00544,credit card,38471.84,14979.72,0.581,31,False,0.15832,0.72,27900.39,69
L00545,C00545,mortgage,14754.51,3923.41,0.804,0,False,0.07121,0.2444,4140.03,17
L00546,C00546,credit card,49877.87,37727.42,0.317,61,False,0.40345,0.72,44410.17,72
L00547,C00547,personal loan,247340.67,95971.77,0.429,0,False,0.0198,0.58,108081.28,11
L00548,C00548,mortgage,15871.35,10715.18,0.539,31,False,0.34621,0.22,10818.31,7
L00549,C00549,mortgage,51371.05,22355.17,0.772,0,False,0.01559,0.23,22935.49,43
L00550,C00550,credit card,13507.1,7933.51,0.748,0,False,0.03713,0.72,10998.99,60
L00551,C00551,mortgage,150615.71,95551.25,0.462,15,False,0.38447,0.22,96652.54,4
L00552,C00552,SME loan,188348.82,113787.25,0.696,0,False,0.09152,0.48,132427.64,14
L00553,C00553,credit card,106445.04,67455.54,0.906,0,False,0.10313,0.7902,88899.77,58
L00554,C00554,SME loan,142772.84,72990.97,0.911,0,False,0.06621,0.5524,90436.44,39
L00555,C00555,personal loan,43078.19,14322.91,0.327,15,False,0.09724,0.58,16623.34,59
L00556,C00556,SME loan,29724.34,26115.26,0.583,0,False,0.3435,0.48,27017.53,69
L00557,C00557,mortgage,18407.58,16329.47,0.852,0,False,0.04389,0.266,16371.04,45
L00558,C00558,credit card,46954.05,46822.65,0.889,0,False,0.26504,0.7827,46894.92,50
L00559,C00559,personal loan,93395.79,24937.61,0.596,0,False,0.02403,0.58,30414.27,12
L00560,C00560,personal loan,67266.49,57560.31,0.608,0,False,0.14483,0.58,58336.8,36
L00561,C00561,personal loan,41360.46,15482.2,0.824,0,False,0.07411,0.6132,17552.47,11
L00562,C00562,credit card,165128.21,103716.88,0.976,0,False,0.02559,0.8216,137493.11,42
L00563,C00563,mortgage,19408.53,4379.76,0.579,0,False,0.01057,0.22,4680.33,10
L00564,C00564,personal loan,26873.68,9048.77,0.385,0,False,0.0605,0.58,10474.76,13
L00565,C00565,credit card,96173.09,39454.98,0.597,0,False,0.29153,0.72,70649.94,8
L00566,C00566,mortgage,12401.32,4250.14,0.815,130,True,0.07513,0.2493,4413.16,29
L00567,C00567,mortgage,19379.06,13443.55,0.213,0,False,0.1558,0.22,13562.26,54
L00568,C00568,credit card,44383.31,18807.76,0.48,5,False,0.26568,0.72,32874.31,29
L00569,C00569,personal loan,75589.34,27089.32,0.743,0,False,0.13066,0.58,30969.32,61
L00570,C00570,mortgage,75926.82,23440.56,0.512,31,False,0.03873,0.22,24490.28,47
L00571,C00571,mortgage,115203.46,80157.73,0.614,0,False,0.06852,0.22,80858.64,34
L00572,C00572,SME loan,71640.29,39621.25,0.712,0,False,0.03415,0.48,47626.01,43
L00573,C00573,credit card,24726.01,15863.52,0.665,15,False,0.03338,0.72,20737.89,0
L00574,C00574,SME loan,36561.86,14765.53,0.612,0,False,0.00565,0.48,20214.61,58
L00575,C00575,credit card,35047.72,30287.64,0.543,0,False,0.05117,0.72,32905.69,18
L00576,C00576,SME loan,87718.29,32895.82,0.871,61,False,0.19291,0.5344,46601.43,50
L00577,C00577,mortgage,80972.77,56616.26,0.907,0,False,0.00624,0.2906,57103.39,71
L00578,C00578,mortgage,35453.75,33466.41,0.9,0,False,0.18903,0.2873,33506.16,54
L00579,C00579,SME loan,14602.62,11600.75,0.883,0,False,0.01232,0.5399,12351.22,12
L00580,C00580,credit card,55712.8,50287.62,0.877,0,False,0.20452,0.7769,53271.47,14
L00581,C00581,credit card,16503.07,14472.29,0.525,0,False,0.0432,0.72,15589.22,41
L00582,C00582,personal loan,22500.28,8531.48,0.664,0,False,0.07486,0.58,9648.99,17
L00583,C00583,mortgage,54440.93,12119.44,1.046,0,False,0.21759,0.3534,12965.87,42
L00584,C00584,personal loan,58247.64,31778.9,0.416,31,False,0.30099,0.58,33896.4,23
L00585,C00585,SME loan,28137.75,21631.05,0.494,130,True,0.11839,0.48,23257.73,66
L00586,C00586,credit card,49035.46,16286.44,0.643,0,False,0.02003,0.72,34298.4,10
L00587,C00587,personal loan,61910.57,30913.65,0.56,0,False,0.04148,0.58,33393.41,19
L00588,C00588,personal loan,170888.7,76519.81,0.9,0,False,0.05972,0.6477,84069.32,7
L00589,C00589,credit card,82646.42,25094.2,0.589,0,False,0.03691,0.72,56747.92,70
L00590,C00590,personal loan,28504.43,6530.32,0.551,0,False,0.12191,0.58,8288.25,31
L00591,C00591,personal loan,34855.48,32527.18,0.485,0,False,0.03134,0.58,32713.44,51
L00592,C00592,personal loan,60476.19,58823.73,0.625,5,False,0.05008,0.58,58955.93,58
L00593,C00593,personal loan,87434.88,80887.77,0.589,0,False,0.0054,0.58,81411.54,56
L00594,C00594,personal loan,47827.27,46175.56,0.624,0,False,0.0434,0.58,46307.69,47
L00595,C00595,mortgage,44780.58,39942.4,0.64,5,False,0.09322,0.22,40039.17,9
L00596,C00596,credit card,135809.46,31725.27,0.654,0,False,0.06905,0.72,88971.58,43
L00597,C00597,credit card,49634.73,24192.0,0.755,0,False,0.01417,0.7222,38185.5,63
L00598,C00598,mortgage,11594.79,5042.61,0.591,0,False,0.07843,0.22,5173.66,16
L00599,C00599,credit card,351073.19,330918.79,0.947,5,False,0.07231,0.8088,342003.71,1
L00600,C00600,personal loan,38072.93,23493.44,0.52,5,False,0.06186,0.58,24659.79,24
L00601,C00601,personal loan,34546.31,25096.42,0.857,0,False,0.08302,0.6283,25852.41,58
L00602,C00602,credit card,62829.86,31398.97,0.761,0,False,0.04292,0.7247,48685.96,31
L00603,C00603,mortgage,52662.07,49769.43,0.675,0,False,0.02474,0.22,49827.29,37
L00604,C00604,personal loan,88367.14,86390.82,0.589,31,False,0.14853,0.58,86548.93,37
L00605,C00605,personal loan,51929.19,35579.43,0.608,0,False,0.07079,0.58,36887.41,34
L00606,C00606,credit card,78476.58,35387.67,0.688,0,False,0.13001,0.72,59086.57,63
L00607,C00607,mortgage,27866.91,11438.47,1.0,31,False,0.68118,0.3324,11767.04,47
L00608,C00608,personal loan,9074.66,3868.87,0.915,0,False,0.16425,0.6543,4285.33,64
L00609,C00609,mortgage,63776.83,60667.14,0.461,15,True,0.25903,0.22,60729.34,2
L00610,C00610,mortgage,22886.43,9151.8,0.831,5,False,0.15216,0.2564,9426.49,34
L00611,C00611,personal loan,15668.83,14104.93,0.588,0,False,0.0828,0.58,14230.04,25
L00612,C00612,personal loan,54257.71,19104.65,0.676,0,False,0.10463,0.58,21916.89,8
L00613,C00613,mortgage,53255.02,36170.32,0.892,5,False,0.10454,0.284,36512.02,26
L00614,C00614,personal loan,68893.49,43357.65,0.61,5,False,,0.58,45400.52,2
L00615,C00615,credit card,104253.24,67040.94,0.754,0,False,0.01391,0.7217,87507.7,2
L00616,C00616,mortgage,42499.24,29952.46,0.822,0,False,0.03036,0.2526,30203.4,3
L00617,C00617,credit card,15205.87,13662.27,0.6,0,False,0.02987,0.72,14511.25,42
L00618,C00618,personal loan,84985.08,53402.76,0.481,0,False,0.03503,0.58,55929.35,10
L00619,C00619,credit card,75433.75,53933.87,0.716,0,False,0.09893,0.72,65758.8,11
L00620,C00620,credit card,22512.68,13467.53,0.65,31,False,0.17621,0.72,18442.36,33
L00621,C00621,credit card,188764.89,170490.7,0.473,0,False,0.04282,0.72,180541.51,2
L00622,C00622,SME loan,27055.97,15749.3,0.958,0,False,0.07505,0.5735,18575.97,24
L00623,C00623,credit card,100574.7,89376.89,1.058,0,False,0.0365,0.8587,95535.68,22
L00624,C00624,SME loan,80599.19,59583.17,0.848,0,False,0.27968,0.524,64837.18,9
L00625,C00625,mortgage,23585.96,12916.09,0.438,0,False,0.03177,0.22,13129.49,34
L00626,C00626,SME loan,34398.84,20212.78,0.927,15,False,0.03507,0.5594,23759.3,1
L00627,C00627,SME loan,75547.36,18698.79,0.648,15,False,0.13148,0.48,32910.93,12
L00628,C00628,mortgage,103537.31,48743.66,0.539,15,False,,0.22,49839.54,71
L00629,C00629,personal loan,29445.58,16215.39,0.475,0,False,0.0759,0.58,17273.81,61
L00630,C00630,credit card,30597.04,20907.52,0.776,0,False,0.04699,0.7317,26236.76,41
L00631,C00631,credit card,19437.01,4312.67,0.891,0,False,0.0316,0.7832,12631.05,49
L00632,C00632,mortgage,123164.86,102517.35,0.627,31,False,0.1804,0.22,102930.3,33
L00633,C00633,personal loan,92729.05,43696.93,0.996,15,False,0.0925,0.6907,47619.5,12
L00634,C00634,personal loan,44874.21,13375.69,0.397,0,False,0.02686,0.58,15895.57,9
L00635,C00635,mortgage,19305.09,12437.35,0.412,0,False,0.01521,0.22,12574.7,14
L00636,C00636,personal loan,43083.95,14409.58,0.66,0,False,0.01049,0.58,16703.53,45
L00637,C00637,credit card,48565.02,37737.79,0.932,0,False,0.05039,0.8018,43692.76,46
L00638,C00638,credit card,68747.75,27957.33,0.638,0,False,0.03418,0.72,50392.06,50
L00639,C00639,SME loan,13231.2,10033.0,0.577,0,False,0.11604,0.48,10832.55,20
L00640,C00640,mortgage,81150.07,80973.27,0.754,0,False,0.03112,0.2217,80976.81,7
L00641,C00641,mortgage,39866.1,24246.39,0.778,0,False,0.06089,0.2326,24558.78,54
L00642,C00642,credit card,98643.35,22601.4,0.511,0,False,0.03529,0.72,64424.47,42
L00643,C00643,credit card,72707.48,25405.52,0.494,0,False,0.00347,0.72,51421.6,54
L00644,C00644,mortgage,23328.45,11077.99,0.607,0,False,0.06239,0.22,11322.99,9
L00645,C00645,credit card,48694.17,30375.68,0.816,0,False,0.25227,0.7497,40450.85,9
L00646,C00646,personal loan,34273.97,27730.1,0.516,0,False,0.04064,0.58,28253.61,5
L00647,C00647,personal loan,-1000.0,35356.27,0.791,0,False,0.01272,0.5985,36983.2,41
L00648,C00648,mortgage,26922.97,22483.9,0.755,0,False,0.02691,0.2224,22572.68,1
L00649,C00649,credit card,34927.33,12929.39,0.89,5,False,0.04329,0.7832,25028.26,66
L00650,C00650,personal loan,34274.3,14177.71,0.635,0,False,0.01694,0.58,15785.44,1
L00651,C00651,mortgage,13303.12,5561.38,0.791,0,False,0.01885,0.2384,5716.21,61
L00652,C00652,credit card,67668.1,34569.45,0.599,0,False,0.01567,0.72,52773.71,74
L00653,C00653,mortgage,188034.56,125609.87,0.5,0,False,0.02123,0.22,126858.36,9
L00654,C00654,SME loan,35998.85,15286.45,0.639,95,True,0.03318,0.48,20464.55,29
L00655,C00655,mortgage,66270.64,58248.92,1.052,0,False,0.02918,0.356,58409.36,48
L00656,C00656,credit card,36422.57,9583.02,0.409,0,False,0.02414,0.72,24344.77,29
L00657,C00657,credit card,8198.26,3231.68,0.632,95,True,0.13284,0.72,5963.3,16
L00658,C00658,mortgage,24168.73,18021.93,0.681,0,False,0.07825,0.22,18144.87,59
L00659,C00659,personal loan,155624.17,44221.22,0.721,0,False,,0.58,53133.46,3
L00660,C00660,credit card,237240.07,158376.63,0.903,15,False,0.12821,0.7886,201751.52,2
L00661,C00661,credit card,48630.17,43576.24,0.708,0,False,0.02361,0.72,46355.9,24
L00662,C00662,mortgage,26754.41,14918.35,0.686,0,False,0.02564,0.22,15155.07,51
L00663,C00663,SME loan,86699.27,43785.79,0.76,15,False,0.13207,0.4843,54514.16,20
L00664,C00664,personal loan,24933.57,18507.78,0.696,0,False,0.04467,0.58,19021.85,7
L00665,C00665,credit card,60060.03,53987.2,0.828,0,False,0.01733,0.7552,57327.26,11
L00666,C00666,mortgage,49311.1,11396.79,0.784,0,False,0.04508,0.2352,12155.08,46
L00667,C00667,personal loan,27975.14,12400.45,0.67,61,False,0.48974,0.58,13646.42,48
L00668,C00668,credit card,75066.6,18016.02,0.889,0,False,0.04559,0.7826,49393.84,63
L00669,C00669,personal loan,46779.23,15333.15,1.078,0,False,0.00935,0.7277,17848.83,47
L00670,C00670,credit card,171779.03,104365.08,0.593,0,False,0.04339,0.72,141442.75,46
L00671,C00671,mortgage,110275.12,82625.27,0.617,5,False,0.3123,0.22,83178.27,1
L00672,C00672,mortgage,51813.55,21197.41,0.602,0,False,0.00564,0.22,21809.73,35
L00673,C00673,mortgage,19310.78,18502.74,0.376,5,False,0.15193,0.22,18518.9,62
L00674,C00674,credit card,24116.14,15874.46,0.77,5,False,0.09809,0.7289,20407.39,3
L00675,C00675,SME loan,104884.06,41251.83,0.519,5,False,0.11161,0.48,57159.89,48
L00676,C00676,credit card,87164.73,77739.69,0.607,0,False,0.01151,0.72,82923.46,32
L00677,C00677,mortgage,21728.58,13992.1,0.385,0,False,0.04331,0.22,14146.83,32
L00678,C00678,personal loan,50843.25,33564.26,0.36,0,False,0.02441,0.58,34946.58,43
L00679,C00679,mortgage,28120.28,9356.18,0.358,0,False,0.0524,0.22,9731.47,14
L00680,C00680,credit card,21541.07,20008.71,0.658,0,False,0.03839,0.72,20851.5,70
L00681,C00681,personal loan,14280.06,13327.97,1.104,0,False,0.19183,0.7394,13404.14,21
L00682,C00682,SME loan,44290.08,41211.12,0.718,5,False,0.12883,0.48,41980.86,70
L00683,C00683,personal loan,47098.51,30539.65,0.643,0,False,0.01221,0.58,31864.35,48
L00684,C00684,personal loan,36719.41,31562.4,0.575,0,False,0.20641,0.58,31974.96,29
L00685,C00685,SME loan,19851.37,6588.14,0.663,0,False,0.13018,0.48,9903.95,63
L00686,C00686,credit card,59897.84,19955.72,0.604,0,False,0.02888,0.72,41923.89,15
L00687,C00687,mortgage,32367.79,24254.28,0.889,31,False,0.10937,0.2825,24416.55,43
L00688,C00688,personal loan,80053.95,66423.44,0.811,0,False,0.03457,0.6077,67513.88,24
L00689,C00689,mortgage,57122.1,54867.4,0.808,0,False,0.03865,0.2463,54912.5,51
L00690,C00690,personal loan,35258.88,19014.75,0.844,31,False,0.17797,0.6224,20314.28,36
L00691,C00691,mortgage,93723.58,26029.42,0.34,0,False,0.02056,0.22,27383.31,15
L00692,C00692,mortgage,28529.9,15059.31,0.586,0,False,0.04618,0.22,15328.72,7
L00693,C00693,mortgage,29588.93,11665.68,0.858,0,False,0.07459,0.2686,12024.14,20
L00694,C00694,credit card,50891.11,37420.63,0.603,0,False,0.08416,0.72,44829.39,58
L00695,C00695,credit card,83115.1,60240.61,0.469,0,False,0.00514,0.72,72821.58,16
L00696,C00696,credit card,42770.4,10269.89,0.616,0,True,0.27744,0.72,28145.17,23
L00697,C00697,mortgage,53126.04,39137.3,0.587,31,False,0.091,0.22,39417.07,7
L00698,C00698,credit card,59352.54,47568.46,0.841,15,False,0.36306,0.761,54049.7,32
L00699,C00699,mortgage,38781.88,29283.36,0.768,0,False,0.05575,0.2281,29473.34,34
L00700,C00700,mortgage,58868.02,58808.3,0.684,5,False,0.08507,0.22,58809.5,23
L00701,C00701,credit card,57349.2,33399.04,0.587,0,False,0.20343,0.72,46571.63,72
L00702,C00702,credit card,14662.9,12627.12,0.848,0,False,0.01791,0.7643,13746.8,29
L00703,C00703,mortgage,124968.22,64921.64,0.667,0,False,0.0359,0.22,66122.57,1
L00704,C00704,credit card,139017.89,115311.69,0.633,0,False,0.15025,0.72,128350.1,48
L00705,C00705,mortgage,54677.54,45653.14,0.671,0,False,0.02956,0.22,45833.63,20
L00706,C00706,personal loan,103356.59,83358.58,0.545,5,False,0.03211,0.58,84958.42,44
L00707,C00707,mortgage,54389.26,27840.6,0.823,0,False,0.00884,0.253,28371.57,19
L00708,C00708,credit card,87083.04,39241.87,0.833,0,False,0.06365,0.7572,65554.51,63
L00709,C00709,mortgage,101267.62,49945.25,0.478,0,False,0.02696,0.22,50971.7,51
L00710,C00710,personal loan,36732.37,9964.28,0.861,31,False,0.04454,0.6297,12105.72,47
L00711,C00711,SME loan,69278.75,49735.2,0.762,5,False,0.01537,0.4852,54621.08,62
L00712,C00712,personal loan,133821.83,58358.4,0.716,0,False,0.01706,0.58,64395.47,66
L00713,C00713,SME loan,108629.05,86923.66,0.716,0,False,0.08539,0.48,92350.01,17
L00714,C00714,SME loan,149708.13,115092.78,0.574,0,False,0.0521,0.48,123746.62,60
L00715,C00715,personal loan,141943.62,32035.26,0.682,0,False,0.05257,0.58,40827.93,54
L00716,C00716,SME loan,76929.97,66134.72,0.438,0,False,,0.48,68833.53,68
L00717,C00717,personal loan,25570.07,24383.71,0.702,0,False,0.02923,0.58,24478.62,7
L00718,C00718,credit card,78022.15,34183.59,0.688,0,False,0.00483,0.72,58294.8,50
L00719,C00719,credit card,97348.45,82248.9,0.511,0,False,0.07263,0.72,90553.65,30
L00720,C00720,mortgage,93223.0,47887.52,0.658,0,False,0.00949,0.22,48794.23,58
L00721,C00721,credit card,33075.71,28996.58,0.464,15,False,0.08951,0.72,31240.1,62
L00722,C00722,personal loan,86474.68,43735.65,0.709,0,False,0.04869,0.58,47154.77,8
L00723,C00723,mortgage,33888.53,23866.42,0.715,0,False,0.02496,0.22,24066.86,26
L00724,C00724,personal loan,85082.27,32986.41,0.933,0,False,0.17454,0.6623,37154.08,30
L00725,C00725,mortgage,201764.04,73071.14,0.834,31,False,0.54802,0.2577,75645.0,63
L00726,C00726,personal loan,25416.72,15740.05,0.665,5,False,0.10546,0.58,16514.18,72
L00727,C00727,personal loan,37708.56,33475.65,0.398,5,False,0.03614,0.58,33814.28,65
L00728,C00728,SME loan,52894.34,27248.6,1.046,0,False,0.06348,0.6133,33660.04,71
L00729,C00729,credit card,127451.21,126352.2,0.901,0,False,0.01434,0.7879,126956.65,31
L00730,C00730,SME loan,531920.3,176428.93,0.621,15,False,0.14011,0.48,265301.77,39
L00731,C00731,SME loan,71164.98,62409.51,0.63,0,False,0.02561,0.48,64598.38,67
L00732,C00732,credit card,54212.16,13969.4,0.472,0,False,0.03051,0.72,36102.92,7
L00733,C00733,SME loan,44830.69,12695.07,0.517,0,False,0.01349,0.48,20728.97,20
L00734,C00734,mortgage,13131.31,3412.22,0.463,0,False,0.04549,0.22,3606.6,55
L00735,C00735,credit card,49785.9,26318.68,0.482,0,False,0.00954,0.72,39225.65,13
L00736,C00736,mortgage,55605.85,32142.28,0.308,0,False,0.04355,0.22,32611.56,55
L00737,C00737,personal loan,134120.27,87213.67,0.811,61,False,0.12337,0.6073,90966.2,10
L00738,C00738,personal loan,11185.43,2826.84,0.826,0,False,0.09615,0.6144,3495.53,26
L00739,C00739,SME loan,46839.3,40006.03,0.953,0,False,0.01047,0.5714,41714.35,2
L00740,C00740,personal loan,58108.11,32048.88,0.651,0,False,0.03011,0.58,34133.62,57
L00741,C00741,personal loan,20204.05,19078.86,0.439,0,False,0.01955,0.58,19168.88,54
L00742,C00742,credit card,120675.14,118837.85,0.862,0,False,0.10052,0.7704,119848.36,17
L00743,C00743,credit card,55756.49,50540.0,0.922,0,False,0.10786,0.7976,53409.07,20
L00744,C00744,personal loan,76134.43,36645.31,0.41,0,False,0.02293,0.58,39804.44,17
L00745,C00745,personal loan,44133.24,11926.45,0.359,5,False,0.12439,0.58,14503.0,56
L00746,C00746,personal loan,38693.36,12270.6,0.395,0,False,0.22391,0.58,14384.42,51
L00747,C00747,credit card,15320.82,12398.57,0.612,0,False,0.01195,0.72,14005.81,36
L00748,C00000,mortgage,81449.75,57224.63,0.414,5,False,0.20777,0.22,57709.13,5
L00749,C00749,personal loan,103772.22,95863.77,0.92,0,False,0.01026,0.6567,96496.44,31
